0,BBQNNRKR,bbqnnrkr/pppppppp/8/8/8/8/PPPPPPPP/BBQNNRKR w KQkq - 0 1
1,BQNBNRKR,bqnbnrkr/pppppppp/8/8/8/8/PPPPPPPP/BQNBNRKR w KQkq - 0 1
2,BQNNRBKR,bqnnrbkr/pppppppp/8/8/8/8/PPPPPPPP/BQNNRBKR w KQkq - 0 1
3,BQNNRKRB,bqnnrkrb/pppppppp/8/8/8/8/PPPPPPPP/BQNNRKRB w KQkq - 0 1
4,QBBNNRKR,qbbnnrkr/pppppppp/8/8/8/8/PPPPPPPP/QBBNNRKR w KQkq - 0 1
5,QNBBNRKR,qnbbnrkr/pppppppp/8/8/8/8/PPPPPPPP/QNBBNRKR w KQkq - 0 1
6,QNBNRBKR,qnbnrbkr/pppppppp/8/8/8/8/PPPPPPPP/QNBNRBKR w KQkq - 0 1
7,QNBNRKRB,qnbnrkrb/pppppppp/8/8/8/8/PPPPPPPP/QNBNRKRB w KQkq - 0 1
8,QBNNBRKR,qbnnbrkr/pppppppp/8/8/8/8/PPPPPPPP/QBNNBRKR w KQkq - 0 1
9,QNNBBRKR,qnnbbrkr/pppppppp/8/8/8/8/PPPPPPPP/QNNBBRKR w KQkq - 0 1
10,QNNRBBKR,qnnrbbkr/pppppppp/8/8/8/8/PPPPPPPP/QNNRBBKR w KQkq - 0 1
11,QNNRBKRB,qnnrbkrb/pppppppp/8/8/8/8/PPPPPPPP/QNNRBKRB w KQkq - 0 1
12,QBNNRKBR,qbnnrkbr/pppppppp/8/8/8/8/PPPPPPPP/QBNNRKBR w KQkq - 0 1
13,QNNBRKBR,qnnbrkbr/pppppppp/8/8/8/8/PPPPPPPP/QNNBRKBR w KQkq - 0 1
14,QNNRKBBR,qnnrkbbr/pppppppp/8/8/8/8/PPPPPPPP/QNNRKBBR w KQkq - 0 1
15,QNNRKRBB,qnnrkrbb/pppppppp/8/8/8/8/PPPPPPPP/QNNRKRBB w KQkq - 0 1
16,BBNQNRKR,bbnqnrkr/pppppppp/8/8/8/8/PPPPPPPP/BBNQNRKR w KQkq - 0 1
17,BNQBNRKR,bnqbnrkr/pppppppp/8/8/8/8/PPPPPPPP/BNQBNRKR w KQkq - 0 1
18,BNQNRBKR,bnqnrbkr/pppppppp/8/8/8/8/PPPPPPPP/BNQNRBKR w KQkq - 0 1
19,BNQNRKRB,bnqnrkrb/pppppppp/8/8/8/8/PPPPPPPP/BNQNRKRB w KQkq - 0 1
20,NBBQNRKR,nbbqnrkr/pppppppp/8/8/8/8/PPPPPPPP/NBBQNRKR w KQkq - 0 1
21,NQBBNRKR,nqbbnrkr/pppppppp/8/8/8/8/PPPPPPPP/NQBBNRKR w KQkq - 0 1
22,NQBNRBKR,nqbnrbkr/pppppppp/8/8/8/8/PPPPPPPP/NQBNRBKR w KQkq - 0 1
23,NQBNRKRB,nqbnrkrb/pppppppp/8/8/8/8/PPPPPPPP/NQBNRKRB w KQkq - 0 1
24,NBQNBRKR,nbqnbrkr/pppppppp/8/8/8/8/PPPPPPPP/NBQNBRKR w KQkq - 0 1
25,NQNBBRKR,nqnbbrkr/pppppppp/8/8/8/8/PPPPPPPP/NQNBBRKR w KQkq - 0 1
26,NQNRBBKR,nqnrbbkr/pppppppp/8/8/8/8/PPPPPPPP/NQNRBBKR w KQkq - 0 1
27,NQNRBKRB,nqnrbkrb/pppppppp/8/8/8/8/PPPPPPPP/NQNRBKRB w KQkq - 0 1
28,NBQNRKBR,nbqnrkbr/pppppppp/8/8/8/8/PPPPPPPP/NBQNRKBR w KQkq - 0 1
29,NQNBRKBR,nqnbrkbr/pppppppp/8/8/8/8/PPPPPPPP/NQNBRKBR w KQkq - 0 1
30,NQNRKBBR,nqnrkbbr/pppppppp/8/8/8/8/PPPPPPPP/NQNRKBBR w KQkq - 0 1
31,NQNRKRBB,nqnrkrbb/pppppppp/8/8/8/8/PPPPPPPP/NQNRKRBB w KQkq - 0 1
32,BBNNQRKR,bbnnqrkr/pppppppp/8/8/8/8/PPPPPPPP/BBNNQRKR w KQkq - 0 1
33,BNNBQRKR,bnnbqrkr/pppppppp/8/8/8/8/PPPPPPPP/BNNBQRKR w KQkq - 0 1
34,BNNQRBKR,bnnqrbkr/pppppppp/8/8/8/8/PPPPPPPP/BNNQRBKR w KQkq - 0 1
35,BNNQRKRB,bnnqrkrb/pppppppp/8/8/8/8/PPPPPPPP/BNNQRKRB w KQkq - 0 1
36,NBBNQRKR,nbbnqrkr/pppppppp/8/8/8/8/PPPPPPPP/NBBNQRKR w KQkq - 0 1
37,NNBBQRKR,nnbbqrkr/pppppppp/8/8/8/8/PPPPPPPP/NNBBQRKR w KQkq - 0 1
38,NNBQRBKR,nnbqrbkr/pppppppp/8/8/8/8/PPPPPPPP/NNBQRBKR w KQkq - 0 1
39,NNBQRKRB,nnbqrkrb/pppppppp/8/8/8/8/PPPPPPPP/NNBQRKRB w KQkq - 0 1
40,NBNQBRKR,nbnqbrkr/pppppppp/8/8/8/8/PPPPPPPP/NBNQBRKR w KQkq - 0 1
41,NNQBBRKR,nnqbbrkr/pppppppp/8/8/8/8/PPPPPPPP/NNQBBRKR w KQkq - 0 1
42,NNQRBBKR,nnqrbbkr/pppppppp/8/8/8/8/PPPPPPPP/NNQRBBKR w KQkq - 0 1
43,NNQRBKRB,nnqrbkrb/pppppppp/8/8/8/8/PPPPPPPP/NNQRBKRB w KQkq - 0 1
44,NBNQRKBR,nbnqrkbr/pppppppp/8/8/8/8/PPPPPPPP/NBNQRKBR w KQkq - 0 1
45,NNQBRKBR,nnqbrkbr/pppppppp/8/8/8/8/PPPPPPPP/NNQBRKBR w KQkq - 0 1
46,NNQRKBBR,nnqrkbbr/pppppppp/8/8/8/8/PPPPPPPP/NNQRKBBR w KQkq - 0 1
47,NNQRKRBB,nnqrkrbb/pppppppp/8/8/8/8/PPPPPPPP/NNQRKRBB w KQkq - 0 1
48,BBNNRQKR,bbnnrqkr/pppppppp/8/8/8/8/PPPPPPPP/BBNNRQKR w KQkq - 0 1
49,BNNBRQKR,bnnbrqkr/pppppppp/8/8/8/8/PPPPPPPP/BNNBRQKR w KQkq - 0 1
50,BNNRQBKR,bnnrqbkr/pppppppp/8/8/8/8/PPPPPPPP/BNNRQBKR w KQkq - 0 1
51,BNNRQKRB,bnnrqkrb/pppppppp/8/8/8/8/PPPPPPPP/BNNRQKRB w KQkq - 0 1
52,NBBNRQKR,nbbnrqkr/pppppppp/8/8/8/8/PPPPPPPP/NBBNRQKR w KQkq - 0 1
53,NNBBRQKR,nnbbrqkr/pppppppp/8/8/8/8/PPPPPPPP/NNBBRQKR w KQkq - 0 1
54,NNBRQBKR,nnbrqbkr/pppppppp/8/8/8/8/PPPPPPPP/NNBRQBKR w KQkq - 0 1
55,NNBRQKRB,nnbrqkrb/pppppppp/8/8/8/8/PPPPPPPP/NNBRQKRB w KQkq - 0 1
56,NBNRBQKR,nbnrbqkr/pppppppp/8/8/8/8/PPPPPPPP/NBNRBQKR w KQkq - 0 1
57,NNRBBQKR,nnrbbqkr/pppppppp/8/8/8/8/PPPPPPPP/NNRBBQKR w KQkq - 0 1
58,NNRQBBKR,nnrqbbkr/pppppppp/8/8/8/8/PPPPPPPP/NNRQBBKR w KQkq - 0 1
59,NNRQBKRB,nnrqbkrb/pppppppp/8/8/8/8/PPPPPPPP/NNRQBKRB w KQkq - 0 1
60,NBNRQKBR,nbnrqkbr/pppppppp/8/8/8/8/PPPPPPPP/NBNRQKBR w KQkq - 0 1
61,NNRBQKBR,nnrbqkbr/pppppppp/8/8/8/8/PPPPPPPP/NNRBQKBR w KQkq - 0 1
62,NNRQKBBR,nnrqkbbr/pppppppp/8/8/8/8/PPPPPPPP/NNRQKBBR w KQkq - 0 1
63,NNRQKRBB,nnrqkrbb/pppppppp/8/8/8/8/PPPPPPPP/NNRQKRBB w KQkq - 0 1
64,BBNNRKQR,bbnnrkqr/pppppppp/8/8/8/8/PPPPPPPP/BBNNRKQR w KQkq - 0 1
65,BNNBRKQR,bnnbrkqr/pppppppp/8/8/8/8/PPPPPPPP/BNNBRKQR w KQkq - 0 1
66,BNNRKBQR,bnnrkbqr/pppppppp/8/8/8/8/PPPPPPPP/BNNRKBQR w KQkq - 0 1
67,BNNRKQRB,bnnrkqrb/pppppppp/8/8/8/8/PPPPPPPP/BNNRKQRB w KQkq - 0 1
68,NBBNRKQR,nbbnrkqr/pppppppp/8/8/8/8/PPPPPPPP/NBBNRKQR w KQkq - 0 1
69,NNBBRKQR,nnbbrkqr/pppppppp/8/8/8/8/PPPPPPPP/NNBBRKQR w KQkq - 0 1
70,NNBRKBQR,nnbrkbqr/pppppppp/8/8/8/8/PPPPPPPP/NNBRKBQR w KQkq - 0 1
71,NNBRKQRB,nnbrkqrb/pppppppp/8/8/8/8/PPPPPPPP/NNBRKQRB w KQkq - 0 1
72,NBNRBKQR,nbnrbkqr/pppppppp/8/8/8/8/PPPPPPPP/NBNRBKQR w KQkq - 0 1
73,NNRBBKQR,nnrbbkqr/pppppppp/8/8/8/8/PPPPPPPP/NNRBBKQR w KQkq - 0 1
74,NNRKBBQR,nnrkbbqr/pppppppp/8/8/8/8/PPPPPPPP/NNRKBBQR w KQkq - 0 1
75,NNRKBQRB,nnrkbqrb/pppppppp/8/8/8/8/PPPPPPPP/NNRKBQRB w KQkq - 0 1
76,NBNRKQBR,nbnrkqbr/pppppppp/8/8/8/8/PPPPPPPP/NBNRKQBR w KQkq - 0 1
77,NNRBKQBR,nnrbkqbr/pppppppp/8/8/8/8/PPPPPPPP/NNRBKQBR w KQkq - 0 1
78,NNRKQBBR,nnrkqbbr/pppppppp/8/8/8/8/PPPPPPPP/NNRKQBBR w KQkq - 0 1
79,NNRKQRBB,nnrkqrbb/pppppppp/8/8/8/8/PPPPPPPP/NNRKQRBB w KQkq - 0 1
80,BBNNRKRQ,bbnnrkrq/pppppppp/8/8/8/8/PPPPPPPP/BBNNRKRQ w KQkq - 0 1
81,BNNBRKRQ,bnnbrkrq/pppppppp/8/8/8/8/PPPPPPPP/BNNBRKRQ w KQkq - 0 1
82,BNNRKBRQ,bnnrkbrq/pppppppp/8/8/8/8/PPPPPPPP/BNNRKBRQ w KQkq - 0 1
83,BNNRKRQB,bnnrkrqb/pppppppp/8/8/8/8/PPPPPPPP/BNNRKRQB w KQkq - 0 1
84,NBBNRKRQ,nbbnrkrq/pppppppp/8/8/8/8/PPPPPPPP/NBBNRKRQ w KQkq - 0 1
85,NNBBRKRQ,nnbbrkrq/pppppppp/8/8/8/8/PPPPPPPP/NNBBRKRQ w KQkq - 0 1
86,NNBRKBRQ,nnbrkbrq/pppppppp/8/8/8/8/PPPPPPPP/NNBRKBRQ w KQkq - 0 1
87,NNBRKRQB,nnbrkrqb/pppppppp/8/8/8/8/PPPPPPPP/NNBRKRQB w KQkq - 0 1
88,NBNRBKRQ,nbnrbkrq/pppppppp/8/8/8/8/PPPPPPPP/NBNRBKRQ w KQkq - 0 1
89,NNRBBKRQ,nnrbbkrq/pppppppp/8/8/8/8/PPPPPPPP/NNRBBKRQ w KQkq - 0 1
90,NNRKBBRQ,nnrkbbrq/pppppppp/8/8/8/8/PPPPPPPP/NNRKBBRQ w KQkq - 0 1
91,NNRKBRQB,nnrkbrqb/pppppppp/8/8/8/8/PPPPPPPP/NNRKBRQB w KQkq - 0 1
92,NBNRKRBQ,nbnrkrbq/pppppppp/8/8/8/8/PPPPPPPP/NBNRKRBQ w KQkq - 0 1
93,NNRBKRBQ,nnrbkrbq/pppppppp/8/8/8/8/PPPPPPPP/NNRBKRBQ w KQkq - 0 1
94,NNRKRBBQ,nnrkrbbq/pppppppp/8/8/8/8/PPPPPPPP/NNRKRBBQ w KQkq - 0 1
95,NNRKRQBB,nnrkrqbb/pppppppp/8/8/8/8/PPPPPPPP/NNRKRQBB w KQkq - 0 1
96,BBQNRNKR,bbqnrnkr/pppppppp/8/8/8/8/PPPPPPPP/BBQNRNKR w KQkq - 0 1
97,BQNBRNKR,bqnbrnkr/pppppppp/8/8/8/8/PPPPPPPP/BQNBRNKR w KQkq - 0 1
98,BQNRNBKR,bqnrnbkr/pppppppp/8/8/8/8/PPPPPPPP/BQNRNBKR w KQkq - 0 1
99,BQNRNKRB,bqnrnkrb/pppppppp/8/8/8/8/PPPPPPPP/BQNRNKRB w KQkq - 0 1
100,QBBNRNKR,qbbnrnkr/pppppppp/8/8/8/8/PPPPPPPP/QBBNRNKR w KQkq - 0 1
101,QNBBRNKR,qnbbrnkr/pppppppp/8/8/8/8/PPPPPPPP/QNBBRNKR w KQkq - 0 1
102,QNBRNBKR,qnbrnbkr/pppppppp/8/8/8/8/PPPPPPPP/QNBRNBKR w KQkq - 0 1
103,QNBRNKRB,qnbrnkrb/pppppppp/8/8/8/8/PPPPPPPP/QNBRNKRB w KQkq - 0 1
104,QBNRBNKR,qbnrbnkr/pppppppp/8/8/8/8/PPPPPPPP/QBNRBNKR w KQkq - 0 1
105,QNRBBNKR,qnrbbnkr/pppppppp/8/8/8/8/PPPPPPPP/QNRBBNKR w KQkq - 0 1
106,QNRNBBKR,qnrnbbkr/pppppppp/8/8/8/8/PPPPPPPP/QNRNBBKR w KQkq - 0 1
107,QNRNBKRB,qnrnbkrb/pppppppp/8/8/8/8/PPPPPPPP/QNRNBKRB w KQkq - 0 1
108,QBNRNKBR,qbnrnkbr/pppppppp/8/8/8/8/PPPPPPPP/QBNRNKBR w KQkq - 0 1
109,QNRBNKBR,qnrbnkbr/pppppppp/8/8/8/8/PPPPPPPP/QNRBNKBR w KQkq - 0 1
110,QNRNKBBR,qnrnkbbr/pppppppp/8/8/8/8/PPPPPPPP/QNRNKBBR w KQkq - 0 1
111,QNRNKRBB,qnrnkrbb/pppppppp/8/8/8/8/PPPPPPPP/QNRNKRBB w KQkq - 0 1
112,BBNQRNKR,bbnqrnkr/pppppppp/8/8/8/8/PPPPPPPP/BBNQRNKR w KQkq - 0 1
113,BNQBRNKR,bnqbrnkr/pppppppp/8/8/8/8/PPPPPPPP/BNQBRNKR w KQkq - 0 1
114,BNQRNBKR,bnqrnbkr/pppppppp/8/8/8/8/PPPPPPPP/BNQRNBKR w KQkq - 0 1
115,BNQRNKRB,bnqrnkrb/pppppppp/8/8/8/8/PPPPPPPP/BNQRNKRB w KQkq - 0 1
116,NBBQRNKR,nbbqrnkr/pppppppp/8/8/8/8/PPPPPPPP/NBBQRNKR w KQkq - 0 1
117,NQBBRNKR,nqbbrnkr/pppppppp/8/8/8/8/PPPPPPPP/NQBBRNKR w KQkq - 0 1
118,NQBRNBKR,nqbrnbkr/pppppppp/8/8/8/8/PPPPPPPP/NQBRNBKR w KQkq - 0 1
119,NQBRNKRB,nqbrnkrb/pppppppp/8/8/8/8/PPPPPPPP/NQBRNKRB w KQkq - 0 1
120,NBQRBNKR,nbqrbnkr/pppppppp/8/8/8/8/PPPPPPPP/NBQRBNKR w KQkq - 0 1
121,NQRBBNKR,nqrbbnkr/pppppppp/8/8/8/8/PPPPPPPP/NQRBBNKR w KQkq - 0 1
122,NQRNBBKR,nqrnbbkr/pppppppp/8/8/8/8/PPPPPPPP/NQRNBBKR w KQkq - 0 1
123,NQRNBKRB,nqrnbkrb/pppppppp/8/8/8/8/PPPPPPPP/NQRNBKRB w KQkq - 0 1
124,NBQRNKBR,nbqrnkbr/pppppppp/8/8/8/8/PPPPPPPP/NBQRNKBR w KQkq - 0 1
125,NQRBNKBR,nqrbnkbr/pppppppp/8/8/8/8/PPPPPPPP/NQRBNKBR w KQkq - 0 1
126,NQRNKBBR,nqrnkbbr/pppppppp/8/8/8/8/PPPPPPPP/NQRNKBBR w KQkq - 0 1
127,NQRNKRBB,nqrnkrbb/pppppppp/8/8/8/8/PPPPPPPP/NQRNKRBB w KQkq - 0 1
128,BBNRQNKR,bbnrqnkr/pppppppp/8/8/8/8/PPPPPPPP/BBNRQNKR w KQkq - 0 1
129,BNRBQNKR,bnrbqnkr/pppppppp/8/8/8/8/PPPPPPPP/BNRBQNKR w KQkq - 0 1
130,BNRQNBKR,bnrqnbkr/pppppppp/8/8/8/8/PPPPPPPP/BNRQNBKR w KQkq - 0 1
131,BNRQNKRB,bnrqnkrb/pppppppp/8/8/8/8/PPPPPPPP/BNRQNKRB w KQkq - 0 1
132,NBBRQNKR,nbbrqnkr/pppppppp/8/8/8/8/PPPPPPPP/NBBRQNKR w KQkq - 0 1
133,NRBBQNKR,nrbbqnkr/pppppppp/8/8/8/8/PPPPPPPP/NRBBQNKR w KQkq - 0 1
134,NRBQNBKR,nrbqnbkr/pppppppp/8/8/8/8/PPPPPPPP/NRBQNBKR w KQkq - 0 1
135,NRBQNKRB,nrbqnkrb/pppppppp/8/8/8/8/PPPPPPPP/NRBQNKRB w KQkq - 0 1
136,NBRQBNKR,nbrqbnkr/pppppppp/8/8/8/8/PPPPPPPP/NBRQBNKR w KQkq - 0 1
137,NRQBBNKR,nrqbbnkr/pppppppp/8/8/8/8/PPPPPPPP/NRQBBNKR w KQkq - 0 1
138,NRQNBBKR,nrqnbbkr/pppppppp/8/8/8/8/PPPPPPPP/NRQNBBKR w KQkq - 0 1
139,NRQNBKRB,nrqnbkrb/pppppppp/8/8/8/8/PPPPPPPP/NRQNBKRB w KQkq - 0 1
140,NBRQNKBR,nbrqnkbr/pppppppp/8/8/8/8/PPPPPPPP/NBRQNKBR w KQkq - 0 1
141,NRQBNKBR,nrqbnkbr/pppppppp/8/8/8/8/PPPPPPPP/NRQBNKBR w KQkq - 0 1
142,NRQNKBBR,nrqnkbbr/pppppppp/8/8/8/8/PPPPPPPP/NRQNKBBR w KQkq - 0 1
143,NRQNKRBB,nrqnkrbb/pppppppp/8/8/8/8/PPPPPPPP/NRQNKRBB w KQkq - 0 1
144,BBNRNQKR,bbnrnqkr/pppppppp/8/8/8/8/PPPPPPPP/BBNRNQKR w KQkq - 0 1
145,BNRBNQKR,bnrbnqkr/pppppppp/8/8/8/8/PPPPPPPP/BNRBNQKR w KQkq - 0 1
146,BNRNQBKR,bnrnqbkr/pppppppp/8/8/8/8/PPPPPPPP/BNRNQBKR w KQkq - 0 1
147,BNRNQKRB,bnrnqkrb/pppppppp/8/8/8/8/PPPPPPPP/BNRNQKRB w KQkq - 0 1
148,NBBRNQKR,nbbrnqkr/pppppppp/8/8/8/8/PPPPPPPP/NBBRNQKR w KQkq - 0 1
149,NRBBNQKR,nrbbnqkr/pppppppp/8/8/8/8/PPPPPPPP/NRBBNQKR w KQkq - 0 1
150,NRBNQBKR,nrbnqbkr/pppppppp/8/8/8/8/PPPPPPPP/NRBNQBKR w KQkq - 0 1
151,NRBNQKRB,nrbnqkrb/pppppppp/8/8/8/8/PPPPPPPP/NRBNQKRB w KQkq - 0 1
152,NBRNBQKR,nbrnbqkr/pppppppp/8/8/8/8/PPPPPPPP/NBRNBQKR w KQkq - 0 1
153,NRNBBQKR,nrnbbqkr/pppppppp/8/8/8/8/PPPPPPPP/NRNBBQKR w KQkq - 0 1
154,NRNQBBKR,nrnqbbkr/pppppppp/8/8/8/8/PPPPPPPP/NRNQBBKR w KQkq - 0 1
155,NRNQBKRB,nrnqbkrb/pppppppp/8/8/8/8/PPPPPPPP/NRNQBKRB w KQkq - 0 1
156,NBRNQKBR,nbrnqkbr/pppppppp/8/8/8/8/PPPPPPPP/NBRNQKBR w KQkq - 0 1
157,NRNBQKBR,nrnbqkbr/pppppppp/8/8/8/8/PPPPPPPP/NRNBQKBR w KQkq - 0 1
158,NRNQKBBR,nrnqkbbr/pppppppp/8/8/8/8/PPPPPPPP/NRNQKBBR w KQkq - 0 1
159,NRNQKRBB,nrnqkrbb/pppppppp/8/8/8/8/PPPPPPPP/NRNQKRBB w KQkq - 0 1
160,BBNRNKQR,bbnrnkqr/pppppppp/8/8/8/8/PPPPPPPP/BBNRNKQR w KQkq - 0 1
161,BNRBNKQR,bnrbnkqr/pppppppp/8/8/8/8/PPPPPPPP/BNRBNKQR w KQkq - 0 1
162,BNRNKBQR,bnrnkbqr/pppppppp/8/8/8/8/PPPPPPPP/BNRNKBQR w KQkq - 0 1
163,BNRNKQRB,bnrnkqrb/pppppppp/8/8/8/8/PPPPPPPP/BNRNKQRB w KQkq - 0 1
164,NBBRNKQR,nbbrnkqr/pppppppp/8/8/8/8/PPPPPPPP/NBBRNKQR w KQkq - 0 1
165,NRBBNKQR,nrbbnkqr/pppppppp/8/8/8/8/PPPPPPPP/NRBBNKQR w KQkq - 0 1
166,NRBNKBQR,nrbnkbqr/pppppppp/8/8/8/8/PPPPPPPP/NRBNKBQR w KQkq - 0 1
167,NRBNKQRB,nrbnkqrb/pppppppp/8/8/8/8/PPPPPPPP/NRBNKQRB w KQkq - 0 1
168,NBRNBKQR,nbrnbkqr/pppppppp/8/8/8/8/PPPPPPPP/NBRNBKQR w KQkq - 0 1
169,NRNBBKQR,nrnbbkqr/pppppppp/8/8/8/8/PPPPPPPP/NRNBBKQR w KQkq - 0 1
170,NRNKBBQR,nrnkbbqr/pppppppp/8/8/8/8/PPPPPPPP/NRNKBBQR w KQkq - 0 1
171,NRNKBQRB,nrnkbqrb/pppppppp/8/8/8/8/PPPPPPPP/NRNKBQRB w KQkq - 0 1
172,NBRNKQBR,nbrnkqbr/pppppppp/8/8/8/8/PPPPPPPP/NBRNKQBR w KQkq - 0 1
173,NRNBKQBR,nrnbkqbr/pppppppp/8/8/8/8/PPPPPPPP/NRNBKQBR w KQkq - 0 1
174,NRNKQBBR,nrnkqbbr/pppppppp/8/8/8/8/PPPPPPPP/NRNKQBBR w KQkq - 0 1
175,NRNKQRBB,nrnkqrbb/pppppppp/8/8/8/8/PPPPPPPP/NRNKQRBB w KQkq - 0 1
176,BBNRNKRQ,bbnrnkrq/pppppppp/8/8/8/8/PPPPPPPP/BBNRNKRQ w KQkq - 0 1
177,BNRBNKRQ,bnrbnkrq/pppppppp/8/8/8/8/PPPPPPPP/BNRBNKRQ w KQkq - 0 1
178,BNRNKBRQ,bnrnkbrq/pppppppp/8/8/8/8/PPPPPPPP/BNRNKBRQ w KQkq - 0 1
179,BNRNKRQB,bnrnkrqb/pppppppp/8/8/8/8/PPPPPPPP/BNRNKRQB w KQkq - 0 1
180,NBBRNKRQ,nbbrnkrq/pppppppp/8/8/8/8/PPPPPPPP/NBBRNKRQ w KQkq - 0 1
181,NRBBNKRQ,nrbbnkrq/pppppppp/8/8/8/8/PPPPPPPP/NRBBNKRQ w KQkq - 0 1
182,NRBNKBRQ,nrbnkbrq/pppppppp/8/8/8/8/PPPPPPPP/NRBNKBRQ w KQkq - 0 1
183,NRBNKRQB,nrbnkrqb/pppppppp/8/8/8/8/PPPPPPPP/NRBNKRQB w KQkq - 0 1
184,NBRNBKRQ,nbrnbkrq/pppppppp/8/8/8/8/PPPPPPPP/NBRNBKRQ w KQkq - 0 1
185,NRNBBKRQ,nrnbbkrq/pppppppp/8/8/8/8/PPPPPPPP/NRNBBKRQ w KQkq - 0 1
186,NRNKBBRQ,nrnkbbrq/pppppppp/8/8/8/8/PPPPPPPP/NRNKBBRQ w KQkq - 0 1
187,NRNKBRQB,nrnkbrqb/pppppppp/8/8/8/8/PPPPPPPP/NRNKBRQB w KQkq - 0 1
188,NBRNKRBQ,nbrnkrbq/pppppppp/8/8/8/8/PPPPPPPP/NBRNKRBQ w KQkq - 0 1
189,NRNBKRBQ,nrnbkrbq/pppppppp/8/8/8/8/PPPPPPPP/NRNBKRBQ w KQkq - 0 1
190,NRNKRBBQ,nrnkrbbq/pppppppp/8/8/8/8/PPPPPPPP/NRNKRBBQ w KQkq - 0 1
191,NRNKRQBB,nrnkrqbb/pppppppp/8/8/8/8/PPPPPPPP/NRNKRQBB w KQkq - 0 1
192,BBQNRKNR,bbqnrknr/pppppppp/8/8/8/8/PPPPPPPP/BBQNRKNR w KQkq - 0 1
193,BQNBRKNR,bqnbrknr/pppppppp/8/8/8/8/PPPPPPPP/BQNBRKNR w KQkq - 0 1
194,BQNRKBNR,bqnrkbnr/pppppppp/8/8/8/8/PPPPPPPP/BQNRKBNR w KQkq - 0 1
195,BQNRKNRB,bqnrknrb/pppppppp/8/8/8/8/PPPPPPPP/BQNRKNRB w KQkq - 0 1
196,QBBNRKNR,qbbnrknr/pppppppp/8/8/8/8/PPPPPPPP/QBBNRKNR w KQkq - 0 1
197,QNBBRKNR,qnbbrknr/pppppppp/8/8/8/8/PPPPPPPP/QNBBRKNR w KQkq - 0 1
198,QNBRKBNR,qnbrkbnr/pppppppp/8/8/8/8/PPPPPPPP/QNBRKBNR w KQkq - 0 1
199,QNBRKNRB,qnbrknrb/pppppppp/8/8/8/8/PPPPPPPP/QNBRKNRB w KQkq - 0 1
200,QBNRBKNR,qbnrbknr/pppppppp/8/8/8/8/PPPPPPPP/QBNRBKNR w KQkq - 0 1
201,QNRBBKNR,qnrbbknr/pppppppp/8/8/8/8/PPPPPPPP/QNRBBKNR w KQkq - 0 1
202,QNRKBBNR,qnrkbbnr/pppppppp/8/8/8/8/PPPPPPPP/QNRKBBNR w KQkq - 0 1
203,QNRKBNRB,qnrkbnrb/pppppppp/8/8/8/8/PPPPPPPP/QNRKBNRB w KQkq - 0 1
204,QBNRKNBR,qbnrknbr/pppppppp/8/8/8/8/PPPPPPPP/QBNRKNBR w KQkq - 0 1
205,QNRBKNBR,qnrbknbr/pppppppp/8/8/8/8/PPPPPPPP/QNRBKNBR w KQkq - 0 1
206,QNRKNBBR,qnrknbbr/pppppppp/8/8/8/8/PPPPPPPP/QNRKNBBR w KQkq - 0 1
207,QNRKNRBB,qnrknrbb/pppppppp/8/8/8/8/PPPPPPPP/QNRKNRBB w KQkq - 0 1
208,BBNQRKNR,bbnqrknr/pppppppp/8/8/8/8/PPPPPPPP/BBNQRKNR w KQkq - 0 1
209,BNQBRKNR,bnqbrknr/pppppppp/8/8/8/8/PPPPPPPP/BNQBRKNR w KQkq - 0 1
210,BNQRKBNR,bnqrkbnr/pppppppp/8/8/8/8/PPPPPPPP/BNQRKBNR w KQkq - 0 1
211,BNQRKNRB,bnqrknrb/pppppppp/8/8/8/8/PPPPPPPP/BNQRKNRB w KQkq - 0 1
212,NBBQRKNR,nbbqrknr/pppppppp/8/8/8/8/PPPPPPPP/NBBQRKNR w KQkq - 0 1
213,NQBBRKNR,nqbbrknr/pppppppp/8/8/8/8/PPPPPPPP/NQBBRKNR w KQkq - 0 1
214,NQBRKBNR,nqbrkbnr/pppppppp/8/8/8/8/PPPPPPPP/NQBRKBNR w KQkq - 0 1
215,NQBRKNRB,nqbrknrb/pppppppp/8/8/8/8/PPPPPPPP/NQBRKNRB w KQkq - 0 1
216,NBQRBKNR,nbqrbknr/pppppppp/8/8/8/8/PPPPPPPP/NBQRBKNR w KQkq - 0 1
217,NQRBBKNR,nqrbbknr/pppppppp/8/8/8/8/PPPPPPPP/NQRBBKNR w KQkq - 0 1
218,NQRKBBNR,nqrkbbnr/pppppppp/8/8/8/8/PPPPPPPP/NQRKBBNR w KQkq - 0 1
219,NQRKBNRB,nqrkbnrb/pppppppp/8/8/8/8/PPPPPPPP/NQRKBNRB w KQkq - 0 1
220,NBQRKNBR,nbqrknbr/pppppppp/8/8/8/8/PPPPPPPP/NBQRKNBR w KQkq - 0 1
221,NQRBKNBR,nqrbknbr/pppppppp/8/8/8/8/PPPPPPPP/NQRBKNBR w KQkq - 0 1
222,NQRKNBBR,nqrknbbr/pppppppp/8/8/8/8/PPPPPPPP/NQRKNBBR w KQkq - 0 1
223,NQRKNRBB,nqrknrbb/pppppppp/8/8/8/8/PPPPPPPP/NQRKNRBB w KQkq - 0 1
224,BBNRQKNR,bbnrqknr/pppppppp/8/8/8/8/PPPPPPPP/BBNRQKNR w KQkq - 0 1
225,BNRBQKNR,bnrbqknr/pppppppp/8/8/8/8/PPPPPPPP/BNRBQKNR w KQkq - 0 1
226,BNRQKBNR,bnrqkbnr/pppppppp/8/8/8/8/PPPPPPPP/BNRQKBNR w KQkq - 0 1
227,BNRQKNRB,bnrqknrb/pppppppp/8/8/8/8/PPPPPPPP/BNRQKNRB w KQkq - 0 1
228,NBBRQKNR,nbbrqknr/pppppppp/8/8/8/8/PPPPPPPP/NBBRQKNR w KQkq - 0 1
229,NRBBQKNR,nrbbqknr/pppppppp/8/8/8/8/PPPPPPPP/NRBBQKNR w KQkq - 0 1
230,NRBQKBNR,nrbqkbnr/pppppppp/8/8/8/8/PPPPPPPP/NRBQKBNR w KQkq - 0 1
231,NRBQKNRB,nrbqknrb/pppppppp/8/8/8/8/PPPPPPPP/NRBQKNRB w KQkq - 0 1
232,NBRQBKNR,nbrqbknr/pppppppp/8/8/8/8/PPPPPPPP/NBRQBKNR w KQkq - 0 1
233,NRQBBKNR,nrqbbknr/pppppppp/8/8/8/8/PPPPPPPP/NRQBBKNR w KQkq - 0 1
234,NRQKBBNR,nrqkbbnr/pppppppp/8/8/8/8/PPPPPPPP/NRQKBBNR w KQkq - 0 1
235,NRQKBNRB,nrqkbnrb/pppppppp/8/8/8/8/PPPPPPPP/NRQKBNRB w KQkq - 0 1
236,NBRQKNBR,nbrqknbr/pppppppp/8/8/8/8/PPPPPPPP/NBRQKNBR w KQkq - 0 1
237,NRQBKNBR,nrqbknbr/pppppppp/8/8/8/8/PPPPPPPP/NRQBKNBR w KQkq - 0 1
238,NRQKNBBR,nrqknbbr/pppppppp/8/8/8/8/PPPPPPPP/NRQKNBBR w KQkq - 0 1
239,NRQKNRBB,nrqknrbb/pppppppp/8/8/8/8/PPPPPPPP/NRQKNRBB w KQkq - 0 1
240,BBNRKQNR,bbnrkqnr/pppppppp/8/8/8/8/PPPPPPPP/BBNRKQNR w KQkq - 0 1
241,BNRBKQNR,bnrbkqnr/pppppppp/8/8/8/8/PPPPPPPP/BNRBKQNR w KQkq - 0 1
242,BNRKQBNR,bnrkqbnr/pppppppp/8/8/8/8/PPPPPPPP/BNRKQBNR w KQkq - 0 1
243,BNRKQNRB,bnrkqnrb/pppppppp/8/8/8/8/PPPPPPPP/BNRKQNRB w KQkq - 0 1
244,NBBRKQNR,nbbrkqnr/pppppppp/8/8/8/8/PPPPPPPP/NBBRKQNR w KQkq - 0 1
245,NRBBKQNR,nrbbkqnr/pppppppp/8/8/8/8/PPPPPPPP/NRBBKQNR w KQkq - 0 1
246,NRBKQBNR,nrbkqbnr/pppppppp/8/8/8/8/PPPPPPPP/NRBKQBNR w KQkq - 0 1
247,NRBKQNRB,nrbkqnrb/pppppppp/8/8/8/8/PPPPPPPP/NRBKQNRB w KQkq - 0 1
248,NBRKBQNR,nbrkbqnr/pppppppp/8/8/8/8/PPPPPPPP/NBRKBQNR w KQkq - 0 1
249,NRKBBQNR,nrkbbqnr/pppppppp/8/8/8/8/PPPPPPPP/NRKBBQNR w KQkq - 0 1
250,NRKQBBNR,nrkqbbnr/pppppppp/8/8/8/8/PPPPPPPP/NRKQBBNR w KQkq - 0 1
251,NRKQBNRB,nrkqbnrb/pppppppp/8/8/8/8/PPPPPPPP/NRKQBNRB w KQkq - 0 1
252,NBRKQNBR,nbrkqnbr/pppppppp/8/8/8/8/PPPPPPPP/NBRKQNBR w KQkq - 0 1
253,NRKBQNBR,nrkbqnbr/pppppppp/8/8/8/8/PPPPPPPP/NRKBQNBR w KQkq - 0 1
254,NRKQNBBR,nrkqnbbr/pppppppp/8/8/8/8/PPPPPPPP/NRKQNBBR w KQkq - 0 1
255,NRKQNRBB,nrkqnrbb/pppppppp/8/8/8/8/PPPPPPPP/NRKQNRBB w KQkq - 0 1
256,BBNRKNQR,bbnrknqr/pppppppp/8/8/8/8/PPPPPPPP/BBNRKNQR w KQkq - 0 1
257,BNRBKNQR,bnrbknqr/pppppppp/8/8/8/8/PPPPPPPP/BNRBKNQR w KQkq - 0 1
258,BNRKNBQR,bnrknbqr/pppppppp/8/8/8/8/PPPPPPPP/BNRKNBQR w KQkq - 0 1
259,BNRKNQRB,bnrknqrb/pppppppp/8/8/8/8/PPPPPPPP/BNRKNQRB w KQkq - 0 1
260,NBBRKNQR,nbbrknqr/pppppppp/8/8/8/8/PPPPPPPP/NBBRKNQR w KQkq - 0 1
261,NRBBKNQR,nrbbknqr/pppppppp/8/8/8/8/PPPPPPPP/NRBBKNQR w KQkq - 0 1
262,NRBKNBQR,nrbknbqr/pppppppp/8/8/8/8/PPPPPPPP/NRBKNBQR w KQkq - 0 1
263,NRBKNQRB,nrbknqrb/pppppppp/8/8/8/8/PPPPPPPP/NRBKNQRB w KQkq - 0 1
264,NBRKBNQR,nbrkbnqr/pppppppp/8/8/8/8/PPPPPPPP/NBRKBNQR w KQkq - 0 1
265,NRKBBNQR,nrkbbnqr/pppppppp/8/8/8/8/PPPPPPPP/NRKBBNQR w KQkq - 0 1
266,NRKNBBQR,nrknbbqr/pppppppp/8/8/8/8/PPPPPPPP/NRKNBBQR w KQkq - 0 1
267,NRKNBQRB,nrknbqrb/pppppppp/8/8/8/8/PPPPPPPP/NRKNBQRB w KQkq - 0 1
268,NBRKNQBR,nbrknqbr/pppppppp/8/8/8/8/PPPPPPPP/NBRKNQBR w KQkq - 0 1
269,NRKBNQBR,nrkbnqbr/pppppppp/8/8/8/8/PPPPPPPP/NRKBNQBR w KQkq - 0 1
270,NRKNQBBR,nrknqbbr/pppppppp/8/8/8/8/PPPPPPPP/NRKNQBBR w KQkq - 0 1
271,NRKNQRBB,nrknqrbb/pppppppp/8/8/8/8/PPPPPPPP/NRKNQRBB w KQkq - 0 1
272,BBNRKNRQ,bbnrknrq/pppppppp/8/8/8/8/PPPPPPPP/BBNRKNRQ w KQkq - 0 1
273,BNRBKNRQ,bnrbknrq/pppppppp/8/8/8/8/PPPPPPPP/BNRBKNRQ w KQkq - 0 1
274,BNRKNBRQ,bnrknbrq/pppppppp/8/8/8/8/PPPPPPPP/BNRKNBRQ w KQkq - 0 1
275,BNRKNRQB,bnrknrqb/pppppppp/8/8/8/8/PPPPPPPP/BNRKNRQB w KQkq - 0 1
276,NBBRKNRQ,nbbrknrq/pppppppp/8/8/8/8/PPPPPPPP/NBBRKNRQ w KQkq - 0 1
277,NRBBKNRQ,nrbbknrq/pppppppp/8/8/8/8/PPPPPPPP/NRBBKNRQ w KQkq - 0 1
278,NRBKNBRQ,nrbknbrq/pppppppp/8/8/8/8/PPPPPPPP/NRBKNBRQ w KQkq - 0 1
279,NRBKNRQB,nrbknrqb/pppppppp/8/8/8/8/PPPPPPPP/NRBKNRQB w KQkq - 0 1
280,NBRKBNRQ,nbrkbnrq/pppppppp/8/8/8/8/PPPPPPPP/NBRKBNRQ w KQkq - 0 1
281,NRKBBNRQ,nrkbbnrq/pppppppp/8/8/8/8/PPPPPPPP/NRKBBNRQ w KQkq - 0 1
282,NRKNBBRQ,nrknbbrq/pppppppp/8/8/8/8/PPPPPPPP/NRKNBBRQ w KQkq - 0 1
283,NRKNBRQB,nrknbrqb/pppppppp/8/8/8/8/PPPPPPPP/NRKNBRQB w KQkq - 0 1
284,NBRKNRBQ,nbrknrbq/pppppppp/8/8/8/8/PPPPPPPP/NBRKNRBQ w KQkq - 0 1
285,NRKBNRBQ,nrkbnrbq/pppppppp/8/8/8/8/PPPPPPPP/NRKBNRBQ w KQkq - 0 1
286,NRKNRBBQ,nrknrbbq/pppppppp/8/8/8/8/PPPPPPPP/NRKNRBBQ w KQkq - 0 1
287,NRKNRQBB,nrknrqbb/pppppppp/8/8/8/8/PPPPPPPP/NRKNRQBB w KQkq - 0 1
288,BBQNRKRN,bbqnrkrn/pppppppp/8/8/8/8/PPPPPPPP/BBQNRKRN w KQkq - 0 1
289,BQNBRKRN,bqnbrkrn/pppppppp/8/8/8/8/PPPPPPPP/BQNBRKRN w KQkq - 0 1
290,BQNRKBRN,bqnrkbrn/pppppppp/8/8/8/8/PPPPPPPP/BQNRKBRN w KQkq - 0 1
291,BQNRKRNB,bqnrkrnb/pppppppp/8/8/8/8/PPPPPPPP/BQNRKRNB w KQkq - 0 1
292,QBBNRKRN,qbbnrkrn/pppppppp/8/8/8/8/PPPPPPPP/QBBNRKRN w KQkq - 0 1
293,QNBBRKRN,qnbbrkrn/pppppppp/8/8/8/8/PPPPPPPP/QNBBRKRN w KQkq - 0 1
294,QNBRKBRN,qnbrkbrn/pppppppp/8/8/8/8/PPPPPPPP/QNBRKBRN w KQkq - 0 1
295,QNBRKRNB,qnbrkrnb/pppppppp/8/8/8/8/PPPPPPPP/QNBRKRNB w KQkq - 0 1
296,QBNRBKRN,qbnrbkrn/pppppppp/8/8/8/8/PPPPPPPP/QBNRBKRN w KQkq - 0 1
297,QNRBBKRN,qnrbbkrn/pppppppp/8/8/8/8/PPPPPPPP/QNRBBKRN w KQkq - 0 1
298,QNRKBBRN,qnrkbbrn/pppppppp/8/8/8/8/PPPPPPPP/QNRKBBRN w KQkq - 0 1
299,QNRKBRNB,qnrkbrnb/pppppppp/8/8/8/8/PPPPPPPP/QNRKBRNB w KQkq - 0 1
300,QBNRKRBN,qbnrkrbn/pppppppp/8/8/8/8/PPPPPPPP/QBNRKRBN w KQkq - 0 1
301,QNRBKRBN,qnrbkrbn/pppppppp/8/8/8/8/PPPPPPPP/QNRBKRBN w KQkq - 0 1
302,QNRKRBBN,qnrkrbbn/pppppppp/8/8/8/8/PPPPPPPP/QNRKRBBN w KQkq - 0 1
303,QNRKRNBB,qnrkrnbb/pppppppp/8/8/8/8/PPPPPPPP/QNRKRNBB w KQkq - 0 1
304,BBNQRKRN,bbnqrkrn/pppppppp/8/8/8/8/PPPPPPPP/BBNQRKRN w KQkq - 0 1
305,BNQBRKRN,bnqbrkrn/pppppppp/8/8/8/8/PPPPPPPP/BNQBRKRN w KQkq - 0 1
306,BNQRKBRN,bnqrkbrn/pppppppp/8/8/8/8/PPPPPPPP/BNQRKBRN w KQkq - 0 1
307,BNQRKRNB,bnqrkrnb/pppppppp/8/8/8/8/PPPPPPPP/BNQRKRNB w KQkq - 0 1
308,NBBQRKRN,nbbqrkrn/pppppppp/8/8/8/8/PPPPPPPP/NBBQRKRN w KQkq - 0 1
309,NQBBRKRN,nqbbrkrn/pppppppp/8/8/8/8/PPPPPPPP/NQBBRKRN w KQkq - 0 1
310,NQBRKBRN,nqbrkbrn/pppppppp/8/8/8/8/PPPPPPPP/NQBRKBRN w KQkq - 0 1
311,NQBRKRNB,nqbrkrnb/pppppppp/8/8/8/8/PPPPPPPP/NQBRKRNB w KQkq - 0 1
312,NBQRBKRN,nbqrbkrn/pppppppp/8/8/8/8/PPPPPPPP/NBQRBKRN w KQkq - 0 1
313,NQRBBKRN,nqrbbkrn/pppppppp/8/8/8/8/PPPPPPPP/NQRBBKRN w KQkq - 0 1
314,NQRKBBRN,nqrkbbrn/pppppppp/8/8/8/8/PPPPPPPP/NQRKBBRN w KQkq - 0 1
315,NQRKBRNB,nqrkbrnb/pppppppp/8/8/8/8/PPPPPPPP/NQRKBRNB w KQkq - 0 1
316,NBQRKRBN,nbqrkrbn/pppppppp/8/8/8/8/PPPPPPPP/NBQRKRBN w KQkq - 0 1
317,NQRBKRBN,nqrbkrbn/pppppppp/8/8/8/8/PPPPPPPP/NQRBKRBN w KQkq - 0 1
318,NQRKRBBN,nqrkrbbn/pppppppp/8/8/8/8/PPPPPPPP/NQRKRBBN w KQkq - 0 1
319,NQRKRNBB,nqrkrnbb/pppppppp/8/8/8/8/PPPPPPPP/NQRKRNBB w KQkq - 0 1
320,BBNRQKRN,bbnrqkrn/pppppppp/8/8/8/8/PPPPPPPP/BBNRQKRN w KQkq - 0 1
321,BNRBQKRN,bnrbqkrn/pppppppp/8/8/8/8/PPPPPPPP/BNRBQKRN w KQkq - 0 1
322,BNRQKBRN,bnrqkbrn/pppppppp/8/8/8/8/PPPPPPPP/BNRQKBRN w KQkq - 0 1
323,BNRQKRNB,bnrqkrnb/pppppppp/8/8/8/8/PPPPPPPP/BNRQKRNB w KQkq - 0 1
324,NBBRQKRN,nbbrqkrn/pppppppp/8/8/8/8/PPPPPPPP/NBBRQKRN w KQkq - 0 1
325,NRBBQKRN,nrbbqkrn/pppppppp/8/8/8/8/PPPPPPPP/NRBBQKRN w KQkq - 0 1
326,NRBQKBRN,nrbqkbrn/pppppppp/8/8/8/8/PPPPPPPP/NRBQKBRN w KQkq - 0 1
327,NRBQKRNB,nrbqkrnb/pppppppp/8/8/8/8/PPPPPPPP/NRBQKRNB w KQkq - 0 1
328,NBRQBKRN,nbrqbkrn/pppppppp/8/8/8/8/PPPPPPPP/NBRQBKRN w KQkq - 0 1
329,NRQBBKRN,nrqbbkrn/pppppppp/8/8/8/8/PPPPPPPP/NRQBBKRN w KQkq - 0 1
330,NRQKBBRN,nrqkbbrn/pppppppp/8/8/8/8/PPPPPPPP/NRQKBBRN w KQkq - 0 1
331,NRQKBRNB,nrqkbrnb/pppppppp/8/8/8/8/PPPPPPPP/NRQKBRNB w KQkq - 0 1
332,NBRQKRBN,nbrqkrbn/pppppppp/8/8/8/8/PPPPPPPP/NBRQKRBN w KQkq - 0 1
333,NRQBKRBN,nrqbkrbn/pppppppp/8/8/8/8/PPPPPPPP/NRQBKRBN w KQkq - 0 1
334,NRQKRBBN,nrqkrbbn/pppppppp/8/8/8/8/PPPPPPPP/NRQKRBBN w KQkq - 0 1
335,NRQKRNBB,nrqkrnbb/pppppppp/8/8/8/8/PPPPPPPP/NRQKRNBB w KQkq - 0 1
336,BBNRKQRN,bbnrkqrn/pppppppp/8/8/8/8/PPPPPPPP/BBNRKQRN w KQkq - 0 1
337,BNRBKQRN,bnrbkqrn/pppppppp/8/8/8/8/PPPPPPPP/BNRBKQRN w KQkq - 0 1
338,BNRKQBRN,bnrkqbrn/pppppppp/8/8/8/8/PPPPPPPP/BNRKQBRN w KQkq - 0 1
339,BNRKQRNB,bnrkqrnb/pppppppp/8/8/8/8/PPPPPPPP/BNRKQRNB w KQkq - 0 1
340,NBBRKQRN,nbbrkqrn/pppppppp/8/8/8/8/PPPPPPPP/NBBRKQRN w KQkq - 0 1
341,NRBBKQRN,nrbbkqrn/pppppppp/8/8/8/8/PPPPPPPP/NRBBKQRN w KQkq - 0 1
342,NRBKQBRN,nrbkqbrn/pppppppp/8/8/8/8/PPPPPPPP/NRBKQBRN w KQkq - 0 1
343,NRBKQRNB,nrbkqrnb/pppppppp/8/8/8/8/PPPPPPPP/NRBKQRNB w KQkq - 0 1
344,NBRKBQRN,nbrkbqrn/pppppppp/8/8/8/8/PPPPPPPP/NBRKBQRN w KQkq - 0 1
345,NRKBBQRN,nrkbbqrn/pppppppp/8/8/8/8/PPPPPPPP/NRKBBQRN w KQkq - 0 1
346,NRKQBBRN,nrkqbbrn/pppppppp/8/8/8/8/PPPPPPPP/NRKQBBRN w KQkq - 0 1
347,NRKQBRNB,nrkqbrnb/pppppppp/8/8/8/8/PPPPPPPP/NRKQBRNB w KQkq - 0 1
348,NBRKQRBN,nbrkqrbn/pppppppp/8/8/8/8/PPPPPPPP/NBRKQRBN w KQkq - 0 1
349,NRKBQRBN,nrkbqrbn/pppppppp/8/8/8/8/PPPPPPPP/NRKBQRBN w KQkq - 0 1
350,NRKQRBBN,nrkqrbbn/pppppppp/8/8/8/8/PPPPPPPP/NRKQRBBN w KQkq - 0 1
351,NRKQRNBB,nrkqrnbb/pppppppp/8/8/8/8/PPPPPPPP/NRKQRNBB w KQkq - 0 1
352,BBNRKRQN,bbnrkrqn/pppppppp/8/8/8/8/PPPPPPPP/BBNRKRQN w KQkq - 0 1
353,BNRBKRQN,bnrbkrqn/pppppppp/8/8/8/8/PPPPPPPP/BNRBKRQN w KQkq - 0 1
354,BNRKRBQN,bnrkrbqn/pppppppp/8/8/8/8/PPPPPPPP/BNRKRBQN w KQkq - 0 1
355,BNRKRQNB,bnrkrqnb/pppppppp/8/8/8/8/PPPPPPPP/BNRKRQNB w KQkq - 0 1
356,NBBRKRQN,nbbrkrqn/pppppppp/8/8/8/8/PPPPPPPP/NBBRKRQN w KQkq - 0 1
357,NRBBKRQN,nrbbkrqn/pppppppp/8/8/8/8/PPPPPPPP/NRBBKRQN w KQkq - 0 1
358,NRBKRBQN,nrbkrbqn/pppppppp/8/8/8/8/PPPPPPPP/NRBKRBQN w KQkq - 0 1
359,NRBKRQNB,nrbkrqnb/pppppppp/8/8/8/8/PPPPPPPP/NRBKRQNB w KQkq - 0 1
360,NBRKBRQN,nbrkbrqn/pppppppp/8/8/8/8/PPPPPPPP/NBRKBRQN w KQkq - 0 1
361,NRKBBRQN,nrkbbrqn/pppppppp/8/8/8/8/PPPPPPPP/NRKBBRQN w KQkq - 0 1
362,NRKRBBQN,nrkrbbqn/pppppppp/8/8/8/8/PPPPPPPP/NRKRBBQN w KQkq - 0 1
363,NRKRBQNB,nrkrbqnb/pppppppp/8/8/8/8/PPPPPPPP/NRKRBQNB w KQkq - 0 1
364,NBRKRQBN,nbrkrqbn/pppppppp/8/8/8/8/PPPPPPPP/NBRKRQBN w KQkq - 0 1
365,NRKBRQBN,nrkbrqbn/pppppppp/8/8/8/8/PPPPPPPP/NRKBRQBN w KQkq - 0 1
366,NRKRQBBN,nrkrqbbn/pppppppp/8/8/8/8/PPPPPPPP/NRKRQBBN w KQkq - 0 1
367,NRKRQNBB,nrkrqnbb/pppppppp/8/8/8/8/PPPPPPPP/NRKRQNBB w KQkq - 0 1
368,BBNRKRNQ,bbnrkrnq/pppppppp/8/8/8/8/PPPPPPPP/BBNRKRNQ w KQkq - 0 1
369,BNRBKRNQ,bnrbkrnq/pppppppp/8/8/8/8/PPPPPPPP/BNRBKRNQ w KQkq - 0 1
370,BNRKRBNQ,bnrkrbnq/pppppppp/8/8/8/8/PPPPPPPP/BNRKRBNQ w KQkq - 0 1
371,BNRKRNQB,bnrkrnqb/pppppppp/8/8/8/8/PPPPPPPP/BNRKRNQB w KQkq - 0 1
372,NBBRKRNQ,nbbrkrnq/pppppppp/8/8/8/8/PPPPPPPP/NBBRKRNQ w KQkq - 0 1
373,NRBBKRNQ,nrbbkrnq/pppppppp/8/8/8/8/PPPPPPPP/NRBBKRNQ w KQkq - 0 1
374,NRBKRBNQ,nrbkrbnq/pppppppp/8/8/8/8/PPPPPPPP/NRBKRBNQ w KQkq - 0 1
375,NRBKRNQB,nrbkrnqb/pppppppp/8/8/8/8/PPPPPPPP/NRBKRNQB w KQkq - 0 1
376,NBRKBRNQ,nbrkbrnq/pppppppp/8/8/8/8/PPPPPPPP/NBRKBRNQ w KQkq - 0 1
377,NRKBBRNQ,nrkbbrnq/pppppppp/8/8/8/8/PPPPPPPP/NRKBBRNQ w KQkq - 0 1
378,NRKRBBNQ,nrkrbbnq/pppppppp/8/8/8/8/PPPPPPPP/NRKRBBNQ w KQkq - 0 1
379,NRKRBNQB,nrkrbnqb/pppppppp/8/8/8/8/PPPPPPPP/NRKRBNQB w KQkq - 0 1
380,NBRKRNBQ,nbrkrnbq/pppppppp/8/8/8/8/PPPPPPPP/NBRKRNBQ w KQkq - 0 1
381,NRKBRNBQ,nrkbrnbq/pppppppp/8/8/8/8/PPPPPPPP/NRKBRNBQ w KQkq - 0 1
382,NRKRNBBQ,nrkrnbbq/pppppppp/8/8/8/8/PPPPPPPP/NRKRNBBQ w KQkq - 0 1
383,NRKRNQBB,nrkrnqbb/pppppppp/8/8/8/8/PPPPPPPP/NRKRNQBB w KQkq - 0 1
384,BBQRNNKR,bbqrnnkr/pppppppp/8/8/8/8/PPPPPPPP/BBQRNNKR w KQkq - 0 1
385,BQRBNNKR,bqrbnnkr/pppppppp/8/8/8/8/PPPPPPPP/BQRBNNKR w KQkq - 0 1
386,BQRNNBKR,bqrnnbkr/pppppppp/8/8/8/8/PPPPPPPP/BQRNNBKR w KQkq - 0 1
387,BQRNNKRB,bqrnnkrb/pppppppp/8/8/8/8/PPPPPPPP/BQRNNKRB w KQkq - 0 1
388,QBBRNNKR,qbbrnnkr/pppppppp/8/8/8/8/PPPPPPPP/QBBRNNKR w KQkq - 0 1
389,QRBBNNKR,qrbbnnkr/pppppppp/8/8/8/8/PPPPPPPP/QRBBNNKR w KQkq - 0 1
390,QRBNNBKR,qrbnnbkr/pppppppp/8/8/8/8/PPPPPPPP/QRBNNBKR w KQkq - 0 1
391,QRBNNKRB,qrbnnkrb/pppppppp/8/8/8/8/PPPPPPPP/QRBNNKRB w KQkq - 0 1
392,QBRNBNKR,qbrnbnkr/pppppppp/8/8/8/8/PPPPPPPP/QBRNBNKR w KQkq - 0 1
393,QRNBBNKR,qrnbbnkr/pppppppp/8/8/8/8/PPPPPPPP/QRNBBNKR w KQkq - 0 1
394,QRNNBBKR,qrnnbbkr/pppppppp/8/8/8/8/PPPPPPPP/QRNNBBKR w KQkq - 0 1
395,QRNNBKRB,qrnnbkrb/pppppppp/8/8/8/8/PPPPPPPP/QRNNBKRB w KQkq - 0 1
396,QBRNNKBR,qbrnnkbr/pppppppp/8/8/8/8/PPPPPPPP/QBRNNKBR w KQkq - 0 1
397,QRNBNKBR,qrnbnkbr/pppppppp/8/8/8/8/PPPPPPPP/QRNBNKBR w KQkq - 0 1
398,QRNNKBBR,qrnnkbbr/pppppppp/8/8/8/8/PPPPPPPP/QRNNKBBR w KQkq - 0 1
399,QRNNKRBB,qrnnkrbb/pppppppp/8/8/8/8/PPPPPPPP/QRNNKRBB w KQkq - 0 1
400,BBRQNNKR,bbrqnnkr/pppppppp/8/8/8/8/PPPPPPPP/BBRQNNKR w KQkq - 0 1
401,BRQBNNKR,brqbnnkr/pppppppp/8/8/8/8/PPPPPPPP/BRQBNNKR w KQkq - 0 1
402,BRQNNBKR,brqnnbkr/pppppppp/8/8/8/8/PPPPPPPP/BRQNNBKR w KQkq - 0 1
403,BRQNNKRB,brqnnkrb/pppppppp/8/8/8/8/PPPPPPPP/BRQNNKRB w KQkq - 0 1
404,RBBQNNKR,rbbqnnkr/pppppppp/8/8/8/8/PPPPPPPP/RBBQNNKR w KQkq - 0 1
405,RQBBNNKR,rqbbnnkr/pppppppp/8/8/8/8/PPPPPPPP/RQBBNNKR w KQkq - 0 1
406,RQBNNBKR,rqbnnbkr/pppppppp/8/8/8/8/PPPPPPPP/RQBNNBKR w KQkq - 0 1
407,RQBNNKRB,rqbnnkrb/pppppppp/8/8/8/8/PPPPPPPP/RQBNNKRB w KQkq - 0 1
408,RBQNBNKR,rbqnbnkr/pppppppp/8/8/8/8/PPPPPPPP/RBQNBNKR w KQkq - 0 1
409,RQNBBNKR,rqnbbnkr/pppppppp/8/8/8/8/PPPPPPPP/RQNBBNKR w KQkq - 0 1
410,RQNNBBKR,rqnnbbkr/pppppppp/8/8/8/8/PPPPPPPP/RQNNBBKR w KQkq - 0 1
411,RQNNBKRB,rqnnbkrb/pppppppp/8/8/8/8/PPPPPPPP/RQNNBKRB w KQkq - 0 1
412,RBQNNKBR,rbqnnkbr/pppppppp/8/8/8/8/PPPPPPPP/RBQNNKBR w KQkq - 0 1
413,RQNBNKBR,rqnbnkbr/pppppppp/8/8/8/8/PPPPPPPP/RQNBNKBR w KQkq - 0 1
414,RQNNKBBR,rqnnkbbr/pppppppp/8/8/8/8/PPPPPPPP/RQNNKBBR w KQkq - 0 1
415,RQNNKRBB,rqnnkrbb/pppppppp/8/8/8/8/PPPPPPPP/RQNNKRBB w KQkq - 0 1
416,BBRNQNKR,bbrnqnkr/pppppppp/8/8/8/8/PPPPPPPP/BBRNQNKR w KQkq - 0 1
417,BRNBQNKR,brnbqnkr/pppppppp/8/8/8/8/PPPPPPPP/BRNBQNKR w KQkq - 0 1
418,BRNQNBKR,brnqnbkr/pppppppp/8/8/8/8/PPPPPPPP/BRNQNBKR w KQkq - 0 1
419,BRNQNKRB,brnqnkrb/pppppppp/8/8/8/8/PPPPPPPP/BRNQNKRB w KQkq - 0 1
420,RBBNQNKR,rbbnqnkr/pppppppp/8/8/8/8/PPPPPPPP/RBBNQNKR w KQkq - 0 1
421,RNBBQNKR,rnbbqnkr/pppppppp/8/8/8/8/PPPPPPPP/RNBBQNKR w KQkq - 0 1
422,RNBQNBKR,rnbqnbkr/pppppppp/8/8/8/8/PPPPPPPP/RNBQNBKR w KQkq - 0 1
423,RNBQNKRB,rnbqnkrb/pppppppp/8/8/8/8/PPPPPPPP/RNBQNKRB w KQkq - 0 1
424,RBNQBNKR,rbnqbnkr/pppppppp/8/8/8/8/PPPPPPPP/RBNQBNKR w KQkq - 0 1
425,RNQBBNKR,rnqbbnkr/pppppppp/8/8/8/8/PPPPPPPP/RNQBBNKR w KQkq - 0 1
426,RNQNBBKR,rnqnbbkr/pppppppp/8/8/8/8/PPPPPPPP/RNQNBBKR w KQkq - 0 1
427,RNQNBKRB,rnqnbkrb/pppppppp/8/8/8/8/PPPPPPPP/RNQNBKRB w KQkq - 0 1
428,RBNQNKBR,rbnqnkbr/pppppppp/8/8/8/8/PPPPPPPP/RBNQNKBR w KQkq - 0 1
429,RNQBNKBR,rnqbnkbr/pppppppp/8/8/8/8/PPPPPPPP/RNQBNKBR w KQkq - 0 1
430,RNQNKBBR,rnqnkbbr/pppppppp/8/8/8/8/PPPPPPPP/RNQNKBBR w KQkq - 0 1
431,RNQNKRBB,rnqnkrbb/pppppppp/8/8/8/8/PPPPPPPP/RNQNKRBB w KQkq - 0 1
432,BBRNNQKR,bbrnnqkr/pppppppp/8/8/8/8/PPPPPPPP/BBRNNQKR w KQkq - 0 1
433,BRNBNQKR,brnbnqkr/pppppppp/8/8/8/8/PPPPPPPP/BRNBNQKR w KQkq - 0 1
434,BRNNQBKR,brnnqbkr/pppppppp/8/8/8/8/PPPPPPPP/BRNNQBKR w KQkq - 0 1
435,BRNNQKRB,brnnqkrb/pppppppp/8/8/8/8/PPPPPPPP/BRNNQKRB w KQkq - 0 1
436,RBBNNQKR,rbbnnqkr/pppppppp/8/8/8/8/PPPPPPPP/RBBNNQKR w KQkq - 0 1
437,RNBBNQKR,rnbbnqkr/pppppppp/8/8/8/8/PPPPPPPP/RNBBNQKR w KQkq - 0 1
438,RNBNQBKR,rnbnqbkr/pppppppp/8/8/8/8/PPPPPPPP/RNBNQBKR w KQkq - 0 1
439,RNBNQKRB,rnbnqkrb/pppppppp/8/8/8/8/PPPPPPPP/RNBNQKRB w KQkq - 0 1
440,RBNNBQKR,rbnnbqkr/pppppppp/8/8/8/8/PPPPPPPP/RBNNBQKR w KQkq - 0 1
441,RNNBBQKR,rnnbbqkr/pppppppp/8/8/8/8/PPPPPPPP/RNNBBQKR w KQkq - 0 1
442,RNNQBBKR,rnnqbbkr/pppppppp/8/8/8/8/PPPPPPPP/RNNQBBKR w KQkq - 0 1
443,RNNQBKRB,rnnqbkrb/pppppppp/8/8/8/8/PPPPPPPP/RNNQBKRB w KQkq - 0 1
444,RBNNQKBR,rbnnqkbr/pppppppp/8/8/8/8/PPPPPPPP/RBNNQKBR w KQkq - 0 1
445,RNNBQKBR,rnnbqkbr/pppppppp/8/8/8/8/PPPPPPPP/RNNBQKBR w KQkq - 0 1
446,RNNQKBBR,rnnqkbbr/pppppppp/8/8/8/8/PPPPPPPP/RNNQKBBR w KQkq - 0 1
447,RNNQKRBB,rnnqkrbb/pppppppp/8/8/8/8/PPPPPPPP/RNNQKRBB w KQkq - 0 1
448,BBRNNKQR,bbrnnkqr/pppppppp/8/8/8/8/PPPPPPPP/BBRNNKQR w KQkq - 0 1
449,BRNBNKQR,brnbnkqr/pppppppp/8/8/8/8/PPPPPPPP/BRNBNKQR w KQkq - 0 1
450,BRNNKBQR,brnnkbqr/pppppppp/8/8/8/8/PPPPPPPP/BRNNKBQR w KQkq - 0 1
451,BRNNKQRB,brnnkqrb/pppppppp/8/8/8/8/PPPPPPPP/BRNNKQRB w KQkq - 0 1
452,RBBNNKQR,rbbnnkqr/pppppppp/8/8/8/8/PPPPPPPP/RBBNNKQR w KQkq - 0 1
453,RNBBNKQR,rnbbnkqr/pppppppp/8/8/8/8/PPPPPPPP/RNBBNKQR w KQkq - 0 1
454,RNBNKBQR,rnbnkbqr/pppppppp/8/8/8/8/PPPPPPPP/RNBNKBQR w KQkq - 0 1
455,RNBNKQRB,rnbnkqrb/pppppppp/8/8/8/8/PPPPPPPP/RNBNKQRB w KQkq - 0 1
456,RBNNBKQR,rbnnbkqr/pppppppp/8/8/8/8/PPPPPPPP/RBNNBKQR w KQkq - 0 1
457,RNNBBKQR,rnnbbkqr/pppppppp/8/8/8/8/PPPPPPPP/RNNBBKQR w KQkq - 0 1
458,RNNKBBQR,rnnkbbqr/pppppppp/8/8/8/8/PPPPPPPP/RNNKBBQR w KQkq - 0 1
459,RNNKBQRB,rnnkbqrb/pppppppp/8/8/8/8/PPPPPPPP/RNNKBQRB w KQkq - 0 1
460,RBNNKQBR,rbnnkqbr/pppppppp/8/8/8/8/PPPPPPPP/RBNNKQBR w KQkq - 0 1
461,RNNBKQBR,rnnbkqbr/pppppppp/8/8/8/8/PPPPPPPP/RNNBKQBR w KQkq - 0 1
462,RNNKQBBR,rnnkqbbr/pppppppp/8/8/8/8/PPPPPPPP/RNNKQBBR w KQkq - 0 1
463,RNNKQRBB,rnnkqrbb/pppppppp/8/8/8/8/PPPPPPPP/RNNKQRBB w KQkq - 0 1
464,BBRNNKRQ,bbrnnkrq/pppppppp/8/8/8/8/PPPPPPPP/BBRNNKRQ w KQkq - 0 1
465,BRNBNKRQ,brnbnkrq/pppppppp/8/8/8/8/PPPPPPPP/BRNBNKRQ w KQkq - 0 1
466,BRNNKBRQ,brnnkbrq/pppppppp/8/8/8/8/PPPPPPPP/BRNNKBRQ w KQkq - 0 1
467,BRNNKRQB,brnnkrqb/pppppppp/8/8/8/8/PPPPPPPP/BRNNKRQB w KQkq - 0 1
468,RBBNNKRQ,rbbnnkrq/pppppppp/8/8/8/8/PPPPPPPP/RBBNNKRQ w KQkq - 0 1
469,RNBBNKRQ,rnbbnkrq/pppppppp/8/8/8/8/PPPPPPPP/RNBBNKRQ w KQkq - 0 1
470,RNBNKBRQ,rnbnkbrq/pppppppp/8/8/8/8/PPPPPPPP/RNBNKBRQ w KQkq - 0 1
471,RNBNKRQB,rnbnkrqb/pppppppp/8/8/8/8/PPPPPPPP/RNBNKRQB w KQkq - 0 1
472,RBNNBKRQ,rbnnbkrq/pppppppp/8/8/8/8/PPPPPPPP/RBNNBKRQ w KQkq - 0 1
473,RNNBBKRQ,rnnbbkrq/pppppppp/8/8/8/8/PPPPPPPP/RNNBBKRQ w KQkq - 0 1
474,RNNKBBRQ,rnnkbbrq/pppppppp/8/8/8/8/PPPPPPPP/RNNKBBRQ w KQkq - 0 1
475,RNNKBRQB,rnnkbrqb/pppppppp/8/8/8/8/PPPPPPPP/RNNKBRQB w KQkq - 0 1
476,RBNNKRBQ,rbnnkrbq/pppppppp/8/8/8/8/PPPPPPPP/RBNNKRBQ w KQkq - 0 1
477,RNNBKRBQ,rnnbkrbq/pppppppp/8/8/8/8/PPPPPPPP/RNNBKRBQ w KQkq - 0 1
478,RNNKRBBQ,rnnkrbbq/pppppppp/8/8/8/8/PPPPPPPP/RNNKRBBQ w KQkq - 0 1
479,RNNKRQBB,rnnkrqbb/pppppppp/8/8/8/8/PPPPPPPP/RNNKRQBB w KQkq - 0 1
480,BBQRNKNR,bbqrnknr/pppppppp/8/8/8/8/PPPPPPPP/BBQRNKNR w KQkq - 0 1
481,BQRBNKNR,bqrbnknr/pppppppp/8/8/8/8/PPPPPPPP/BQRBNKNR w KQkq - 0 1
482,BQRNKBNR,bqrnkbnr/pppppppp/8/8/8/8/PPPPPPPP/BQRNKBNR w KQkq - 0 1
483,BQRNKNRB,bqrnknrb/pppppppp/8/8/8/8/PPPPPPPP/BQRNKNRB w KQkq - 0 1
484,QBBRNKNR,qbbrnknr/pppppppp/8/8/8/8/PPPPPPPP/QBBRNKNR w KQkq - 0 1
485,QRBBNKNR,qrbbnknr/pppppppp/8/8/8/8/PPPPPPPP/QRBBNKNR w KQkq - 0 1
486,QRBNKBNR,qrbnkbnr/pppppppp/8/8/8/8/PPPPPPPP/QRBNKBNR w KQkq - 0 1
487,QRBNKNRB,qrbnknrb/pppppppp/8/8/8/8/PPPPPPPP/QRBNKNRB w KQkq - 0 1
488,QBRNBKNR,qbrnbknr/pppppppp/8/8/8/8/PPPPPPPP/QBRNBKNR w KQkq - 0 1
489,QRNBBKNR,qrnbbknr/pppppppp/8/8/8/8/PPPPPPPP/QRNBBKNR w KQkq - 0 1
490,QRNKBBNR,qrnkbbnr/pppppppp/8/8/8/8/PPPPPPPP/QRNKBBNR w KQkq - 0 1
491,QRNKBNRB,qrnkbnrb/pppppppp/8/8/8/8/PPPPPPPP/QRNKBNRB w KQkq - 0 1
492,QBRNKNBR,qbrnknbr/pppppppp/8/8/8/8/PPPPPPPP/QBRNKNBR w KQkq - 0 1
493,QRNBKNBR,qrnbknbr/pppppppp/8/8/8/8/PPPPPPPP/QRNBKNBR w KQkq - 0 1
494,QRNKNBBR,qrnknbbr/pppppppp/8/8/8/8/PPPPPPPP/QRNKNBBR w KQkq - 0 1
495,QRNKNRBB,qrnknrbb/pppppppp/8/8/8/8/PPPPPPPP/QRNKNRBB w KQkq - 0 1
496,BBRQNKNR,bbrqnknr/pppppppp/8/8/8/8/PPPPPPPP/BBRQNKNR w KQkq - 0 1
497,BRQBNKNR,brqbnknr/pppppppp/8/8/8/8/PPPPPPPP/BRQBNKNR w KQkq - 0 1
498,BRQNKBNR,brqnkbnr/pppppppp/8/8/8/8/PPPPPPPP/BRQNKBNR w KQkq - 0 1
499,BRQNKNRB,brqnknrb/pppppppp/8/8/8/8/PPPPPPPP/BRQNKNRB w KQkq - 0 1
500,RBBQNKNR,rbbqnknr/pppppppp/8/8/8/8/PPPPPPPP/RBBQNKNR w KQkq - 0 1
501,RQBBNKNR,rqbbnknr/pppppppp/8/8/8/8/PPPPPPPP/RQBBNKNR w KQkq - 0 1
502,RQBNKBNR,rqbnkbnr/pppppppp/8/8/8/8/PPPPPPPP/RQBNKBNR w KQkq - 0 1
503,RQBNKNRB,rqbnknrb/pppppppp/8/8/8/8/PPPPPPPP/RQBNKNRB w KQkq - 0 1
504,RBQNBKNR,rbqnbknr/pppppppp/8/8/8/8/PPPPPPPP/RBQNBKNR w KQkq - 0 1
505,RQNBBKNR,rqnbbknr/pppppppp/8/8/8/8/PPPPPPPP/RQNBBKNR w KQkq - 0 1
506,RQNKBBNR,rqnkbbnr/pppppppp/8/8/8/8/PPPPPPPP/RQNKBBNR w KQkq - 0 1
507,RQNKBNRB,rqnkbnrb/pppppppp/8/8/8/8/PPPPPPPP/RQNKBNRB w KQkq - 0 1
508,RBQNKNBR,rbqnknbr/pppppppp/8/8/8/8/PPPPPPPP/RBQNKNBR w KQkq - 0 1
509,RQNBKNBR,rqnbknbr/pppppppp/8/8/8/8/PPPPPPPP/RQNBKNBR w KQkq - 0 1
510,RQNKNBBR,rqnknbbr/pppppppp/8/8/8/8/PPPPPPPP/RQNKNBBR w KQkq - 0 1
511,RQNKNRBB,rqnknrbb/pppppppp/8/8/8/8/PPPPPPPP/RQNKNRBB w KQkq - 0 1
512,BBRNQKNR,bbrnqknr/pppppppp/8/8/8/8/PPPPPPPP/BBRNQKNR w KQkq - 0 1
513,BRNBQKNR,brnbqknr/pppppppp/8/8/8/8/PPPPPPPP/BRNBQKNR w KQkq - 0 1
514,BRNQKBNR,brnqkbnr/pppppppp/8/8/8/8/PPPPPPPP/BRNQKBNR w KQkq - 0 1
515,BRNQKNRB,brnqknrb/pppppppp/8/8/8/8/PPPPPPPP/BRNQKNRB w KQkq - 0 1
516,RBBNQKNR,rbbnqknr/pppppppp/8/8/8/8/PPPPPPPP/RBBNQKNR w KQkq - 0 1
517,RNBBQKNR,rnbbqknr/pppppppp/8/8/8/8/PPPPPPPP/RNBBQKNR w KQkq - 0 1
518,RNBQKBNR,rnbqkbnr/pppppppp/8/8/8/8/PPPPPPPP/RNBQKBNR w KQkq - 0 1
519,RNBQKNRB,rnbqknrb/pppppppp/8/8/8/8/PPPPPPPP/RNBQKNRB w KQkq - 0 1
520,RBNQBKNR,rbnqbknr/pppppppp/8/8/8/8/PPPPPPPP/RBNQBKNR w KQkq - 0 1
521,RNQBBKNR,rnqbbknr/pppppppp/8/8/8/8/PPPPPPPP/RNQBBKNR w KQkq - 0 1
522,RNQKBBNR,rnqkbbnr/pppppppp/8/8/8/8/PPPPPPPP/RNQKBBNR w KQkq - 0 1
523,RNQKBNRB,rnqkbnrb/pppppppp/8/8/8/8/PPPPPPPP/RNQKBNRB w KQkq - 0 1
524,RBNQKNBR,rbnqknbr/pppppppp/8/8/8/8/PPPPPPPP/RBNQKNBR w KQkq - 0 1
525,RNQBKNBR,rnqbknbr/pppppppp/8/8/8/8/PPPPPPPP/RNQBKNBR w KQkq - 0 1
526,RNQKNBBR,rnqknbbr/pppppppp/8/8/8/8/PPPPPPPP/RNQKNBBR w KQkq - 0 1
527,RNQKNRBB,rnqknrbb/pppppppp/8/8/8/8/PPPPPPPP/RNQKNRBB w KQkq - 0 1
528,BBRNKQNR,bbrnkqnr/pppppppp/8/8/8/8/PPPPPPPP/BBRNKQNR w KQkq - 0 1
529,BRNBKQNR,brnbkqnr/pppppppp/8/8/8/8/PPPPPPPP/BRNBKQNR w KQkq - 0 1
530,BRNKQBNR,brnkqbnr/pppppppp/8/8/8/8/PPPPPPPP/BRNKQBNR w KQkq - 0 1
531,BRNKQNRB,brnkqnrb/pppppppp/8/8/8/8/PPPPPPPP/BRNKQNRB w KQkq - 0 1
532,RBBNKQNR,rbbnkqnr/pppppppp/8/8/8/8/PPPPPPPP/RBBNKQNR w KQkq - 0 1
533,RNBBKQNR,rnbbkqnr/pppppppp/8/8/8/8/PPPPPPPP/RNBBKQNR w KQkq - 0 1
534,RNBKQBNR,rnbkqbnr/pppppppp/8/8/8/8/PPPPPPPP/RNBKQBNR w KQkq - 0 1
535,RNBKQNRB,rnbkqnrb/pppppppp/8/8/8/8/PPPPPPPP/RNBKQNRB w KQkq - 0 1
536,RBNKBQNR,rbnkbqnr/pppppppp/8/8/8/8/PPPPPPPP/RBNKBQNR w KQkq - 0 1
537,RNKBBQNR,rnkbbqnr/pppppppp/8/8/8/8/PPPPPPPP/RNKBBQNR w KQkq - 0 1
538,RNKQBBNR,rnkqbbnr/pppppppp/8/8/8/8/PPPPPPPP/RNKQBBNR w KQkq - 0 1
539,RNKQBNRB,rnkqbnrb/pppppppp/8/8/8/8/PPPPPPPP/RNKQBNRB w KQkq - 0 1
540,RBNKQNBR,rbnkqnbr/pppppppp/8/8/8/8/PPPPPPPP/RBNKQNBR w KQkq - 0 1
541,RNKBQNBR,rnkbqnbr/pppppppp/8/8/8/8/PPPPPPPP/RNKBQNBR w KQkq - 0 1
542,RNKQNBBR,rnkqnbbr/pppppppp/8/8/8/8/PPPPPPPP/RNKQNBBR w KQkq - 0 1
543,RNKQNRBB,rnkqnrbb/pppppppp/8/8/8/8/PPPPPPPP/RNKQNRBB w KQkq - 0 1
544,BBRNKNQR,bbrnknqr/pppppppp/8/8/8/8/PPPPPPPP/BBRNKNQR w KQkq - 0 1
545,BRNBKNQR,brnbknqr/pppppppp/8/8/8/8/PPPPPPPP/BRNBKNQR w KQkq - 0 1
546,BRNKNBQR,brnknbqr/pppppppp/8/8/8/8/PPPPPPPP/BRNKNBQR w KQkq - 0 1
547,BRNKNQRB,brnknqrb/pppppppp/8/8/8/8/PPPPPPPP/BRNKNQRB w KQkq - 0 1
548,RBBNKNQR,rbbnknqr/pppppppp/8/8/8/8/PPPPPPPP/RBBNKNQR w KQkq - 0 1
549,RNBBKNQR,rnbbknqr/pppppppp/8/8/8/8/PPPPPPPP/RNBBKNQR w KQkq - 0 1
550,RNBKNBQR,rnbknbqr/pppppppp/8/8/8/8/PPPPPPPP/RNBKNBQR w KQkq - 0 1
551,RNBKNQRB,rnbknqrb/pppppppp/8/8/8/8/PPPPPPPP/RNBKNQRB w KQkq - 0 1
552,RBNKBNQR,rbnkbnqr/pppppppp/8/8/8/8/PPPPPPPP/RBNKBNQR w KQkq - 0 1
553,RNKBBNQR,rnkbbnqr/pppppppp/8/8/8/8/PPPPPPPP/RNKBBNQR w KQkq - 0 1
554,RNKNBBQR,rnknbbqr/pppppppp/8/8/8/8/PPPPPPPP/RNKNBBQR w KQkq - 0 1
555,RNKNBQRB,rnknbqrb/pppppppp/8/8/8/8/PPPPPPPP/RNKNBQRB w KQkq - 0 1
556,RBNKNQBR,rbnknqbr/pppppppp/8/8/8/8/PPPPPPPP/RBNKNQBR w KQkq - 0 1
557,RNKBNQBR,rnkbnqbr/pppppppp/8/8/8/8/PPPPPPPP/RNKBNQBR w KQkq - 0 1
558,RNKNQBBR,rnknqbbr/pppppppp/8/8/8/8/PPPPPPPP/RNKNQBBR w KQkq - 0 1
559,RNKNQRBB,rnknqrbb/pppppppp/8/8/8/8/PPPPPPPP/RNKNQRBB w KQkq - 0 1
560,BBRNKNRQ,bbrnknrq/pppppppp/8/8/8/8/PPPPPPPP/BBRNKNRQ w KQkq - 0 1
561,BRNBKNRQ,brnbknrq/pppppppp/8/8/8/8/PPPPPPPP/BRNBKNRQ w KQkq - 0 1
562,BRNKNBRQ,brnknbrq/pppppppp/8/8/8/8/PPPPPPPP/BRNKNBRQ w KQkq - 0 1
563,BRNKNRQB,brnknrqb/pppppppp/8/8/8/8/PPPPPPPP/BRNKNRQB w KQkq - 0 1
564,RBBNKNRQ,rbbnknrq/pppppppp/8/8/8/8/PPPPPPPP/RBBNKNRQ w KQkq - 0 1
565,RNBBKNRQ,rnbbknrq/pppppppp/8/8/8/8/PPPPPPPP/RNBBKNRQ w KQkq - 0 1
566,RNBKNBRQ,rnbknbrq/pppppppp/8/8/8/8/PPPPPPPP/RNBKNBRQ w KQkq - 0 1
567,RNBKNRQB,rnbknrqb/pppppppp/8/8/8/8/PPPPPPPP/RNBKNRQB w KQkq - 0 1
568,RBNKBNRQ,rbnkbnrq/pppppppp/8/8/8/8/PPPPPPPP/RBNKBNRQ w KQkq - 0 1
569,RNKBBNRQ,rnkbbnrq/pppppppp/8/8/8/8/PPPPPPPP/RNKBBNRQ w KQkq - 0 1
570,RNKNBBRQ,rnknbbrq/pppppppp/8/8/8/8/PPPPPPPP/RNKNBBRQ w KQkq - 0 1
571,RNKNBRQB,rnknbrqb/pppppppp/8/8/8/8/PPPPPPPP/RNKNBRQB w KQkq - 0 1
572,RBNKNRBQ,rbnknrbq/pppppppp/8/8/8/8/PPPPPPPP/RBNKNRBQ w KQkq - 0 1
573,RNKBNRBQ,rnkbnrbq/pppppppp/8/8/8/8/PPPPPPPP/RNKBNRBQ w KQkq - 0 1
574,RNKNRBBQ,rnknrbbq/pppppppp/8/8/8/8/PPPPPPPP/RNKNRBBQ w KQkq - 0 1
575,RNKNRQBB,rnknrqbb/pppppppp/8/8/8/8/PPPPPPPP/RNKNRQBB w KQkq - 0 1
576,BBQRNKRN,bbqrnkrn/pppppppp/8/8/8/8/PPPPPPPP/BBQRNKRN w KQkq - 0 1
577,BQRBNKRN,bqrbnkrn/pppppppp/8/8/8/8/PPPPPPPP/BQRBNKRN w KQkq - 0 1
578,BQRNKBRN,bqrnkbrn/pppppppp/8/8/8/8/PPPPPPPP/BQRNKBRN w KQkq - 0 1
579,BQRNKRNB,bqrnkrnb/pppppppp/8/8/8/8/PPPPPPPP/BQRNKRNB w KQkq - 0 1
580,QBBRNKRN,qbbrnkrn/pppppppp/8/8/8/8/PPPPPPPP/QBBRNKRN w KQkq - 0 1
581,QRBBNKRN,qrbbnkrn/pppppppp/8/8/8/8/PPPPPPPP/QRBBNKRN w KQkq - 0 1
582,QRBNKBRN,qrbnkbrn/pppppppp/8/8/8/8/PPPPPPPP/QRBNKBRN w KQkq - 0 1
583,QRBNKRNB,qrbnkrnb/pppppppp/8/8/8/8/PPPPPPPP/QRBNKRNB w KQkq - 0 1
584,QBRNBKRN,qbrnbkrn/pppppppp/8/8/8/8/PPPPPPPP/QBRNBKRN w KQkq - 0 1
585,QRNBBKRN,qrnbbkrn/pppppppp/8/8/8/8/PPPPPPPP/QRNBBKRN w KQkq - 0 1
586,QRNKBBRN,qrnkbbrn/pppppppp/8/8/8/8/PPPPPPPP/QRNKBBRN w KQkq - 0 1
587,QRNKBRNB,qrnkbrnb/pppppppp/8/8/8/8/PPPPPPPP/QRNKBRNB w KQkq - 0 1
588,QBRNKRBN,qbrnkrbn/pppppppp/8/8/8/8/PPPPPPPP/QBRNKRBN w KQkq - 0 1
589,QRNBKRBN,qrnbkrbn/pppppppp/8/8/8/8/PPPPPPPP/QRNBKRBN w KQkq - 0 1
590,QRNKRBBN,qrnkrbbn/pppppppp/8/8/8/8/PPPPPPPP/QRNKRBBN w KQkq - 0 1
591,QRNKRNBB,qrnkrnbb/pppppppp/8/8/8/8/PPPPPPPP/QRNKRNBB w KQkq - 0 1
592,BBRQNKRN,bbrqnkrn/pppppppp/8/8/8/8/PPPPPPPP/BBRQNKRN w KQkq - 0 1
593,BRQBNKRN,brqbnkrn/pppppppp/8/8/8/8/PPPPPPPP/BRQBNKRN w KQkq - 0 1
594,BRQNKBRN,brqnkbrn/pppppppp/8/8/8/8/PPPPPPPP/BRQNKBRN w KQkq - 0 1
595,BRQNKRNB,brqnkrnb/pppppppp/8/8/8/8/PPPPPPPP/BRQNKRNB w KQkq - 0 1
596,RBBQNKRN,rbbqnkrn/pppppppp/8/8/8/8/PPPPPPPP/RBBQNKRN w KQkq - 0 1
597,RQBBNKRN,rqbbnkrn/pppppppp/8/8/8/8/PPPPPPPP/RQBBNKRN w KQkq - 0 1
598,RQBNKBRN,rqbnkbrn/pppppppp/8/8/8/8/PPPPPPPP/RQBNKBRN w KQkq - 0 1
599,RQBNKRNB,rqbnkrnb/pppppppp/8/8/8/8/PPPPPPPP/RQBNKRNB w KQkq - 0 1
600,RBQNBKRN,rbqnbkrn/pppppppp/8/8/8/8/PPPPPPPP/RBQNBKRN w KQkq - 0 1
601,RQNBBKRN,rqnbbkrn/pppppppp/8/8/8/8/PPPPPPPP/RQNBBKRN w KQkq - 0 1
602,RQNKBBRN,rqnkbbrn/pppppppp/8/8/8/8/PPPPPPPP/RQNKBBRN w KQkq - 0 1
603,RQNKBRNB,rqnkbrnb/pppppppp/8/8/8/8/PPPPPPPP/RQNKBRNB w KQkq - 0 1
604,RBQNKRBN,rbqnkrbn/pppppppp/8/8/8/8/PPPPPPPP/RBQNKRBN w KQkq - 0 1
605,RQNBKRBN,rqnbkrbn/pppppppp/8/8/8/8/PPPPPPPP/RQNBKRBN w KQkq - 0 1
606,RQNKRBBN,rqnkrbbn/pppppppp/8/8/8/8/PPPPPPPP/RQNKRBBN w KQkq - 0 1
607,RQNKRNBB,rqnkrnbb/pppppppp/8/8/8/8/PPPPPPPP/RQNKRNBB w KQkq - 0 1
608,BBRNQKRN,bbrnqkrn/pppppppp/8/8/8/8/PPPPPPPP/BBRNQKRN w KQkq - 0 1
609,BRNBQKRN,brnbqkrn/pppppppp/8/8/8/8/PPPPPPPP/BRNBQKRN w KQkq - 0 1
610,BRNQKBRN,brnqkbrn/pppppppp/8/8/8/8/PPPPPPPP/BRNQKBRN w KQkq - 0 1
611,BRNQKRNB,brnqkrnb/pppppppp/8/8/8/8/PPPPPPPP/BRNQKRNB w KQkq - 0 1
612,RBBNQKRN,rbbnqkrn/pppppppp/8/8/8/8/PPPPPPPP/RBBNQKRN w KQkq - 0 1
613,RNBBQKRN,rnbbqkrn/pppppppp/8/8/8/8/PPPPPPPP/RNBBQKRN w KQkq - 0 1
614,RNBQKBRN,rnbqkbrn/pppppppp/8/8/8/8/PPPPPPPP/RNBQKBRN w KQkq - 0 1
615,RNBQKRNB,rnbqkrnb/pppppppp/8/8/8/8/PPPPPPPP/RNBQKRNB w KQkq - 0 1
616,RBNQBKRN,rbnqbkrn/pppppppp/8/8/8/8/PPPPPPPP/RBNQBKRN w KQkq - 0 1
617,RNQBBKRN,rnqbbkrn/pppppppp/8/8/8/8/PPPPPPPP/RNQBBKRN w KQkq - 0 1
618,RNQKBBRN,rnqkbbrn/pppppppp/8/8/8/8/PPPPPPPP/RNQKBBRN w KQkq - 0 1
619,RNQKBRNB,rnqkbrnb/pppppppp/8/8/8/8/PPPPPPPP/RNQKBRNB w KQkq - 0 1
620,RBNQKRBN,rbnqkrbn/pppppppp/8/8/8/8/PPPPPPPP/RBNQKRBN w KQkq - 0 1
621,RNQBKRBN,rnqbkrbn/pppppppp/8/8/8/8/PPPPPPPP/RNQBKRBN w KQkq - 0 1
622,RNQKRBBN,rnqkrbbn/pppppppp/8/8/8/8/PPPPPPPP/RNQKRBBN w KQkq - 0 1
623,RNQKRNBB,rnqkrnbb/pppppppp/8/8/8/8/PPPPPPPP/RNQKRNBB w KQkq - 0 1
624,BBRNKQRN,bbrnkqrn/pppppppp/8/8/8/8/PPPPPPPP/BBRNKQRN w KQkq - 0 1
625,BRNBKQRN,brnbkqrn/pppppppp/8/8/8/8/PPPPPPPP/BRNBKQRN w KQkq - 0 1
626,BRNKQBRN,brnkqbrn/pppppppp/8/8/8/8/PPPPPPPP/BRNKQBRN w KQkq - 0 1
627,BRNKQRNB,brnkqrnb/pppppppp/8/8/8/8/PPPPPPPP/BRNKQRNB w KQkq - 0 1
628,RBBNKQRN,rbbnkqrn/pppppppp/8/8/8/8/PPPPPPPP/RBBNKQRN w KQkq - 0 1
629,RNBBKQRN,rnbbkqrn/pppppppp/8/8/8/8/PPPPPPPP/RNBBKQRN w KQkq - 0 1
630,RNBKQBRN,rnbkqbrn/pppppppp/8/8/8/8/PPPPPPPP/RNBKQBRN w KQkq - 0 1
631,RNBKQRNB,rnbkqrnb/pppppppp/8/8/8/8/PPPPPPPP/RNBKQRNB w KQkq - 0 1
632,RBNKBQRN,rbnkbqrn/pppppppp/8/8/8/8/PPPPPPPP/RBNKBQRN w KQkq - 0 1
633,RNKBBQRN,rnkbbqrn/pppppppp/8/8/8/8/PPPPPPPP/RNKBBQRN w KQkq - 0 1
634,RNKQBBRN,rnkqbbrn/pppppppp/8/8/8/8/PPPPPPPP/RNKQBBRN w KQkq - 0 1
635,RNKQBRNB,rnkqbrnb/pppppppp/8/8/8/8/PPPPPPPP/RNKQBRNB w KQkq - 0 1
636,RBNKQRBN,rbnkqrbn/pppppppp/8/8/8/8/PPPPPPPP/RBNKQRBN w KQkq - 0 1
637,RNKBQRBN,rnkbqrbn/pppppppp/8/8/8/8/PPPPPPPP/RNKBQRBN w KQkq - 0 1
638,RNKQRBBN,rnkqrbbn/pppppppp/8/8/8/8/PPPPPPPP/RNKQRBBN w KQkq - 0 1
639,RNKQRNBB,rnkqrnbb/pppppppp/8/8/8/8/PPPPPPPP/RNKQRNBB w KQkq - 0 1
640,BBRNKRQN,bbrnkrqn/pppppppp/8/8/8/8/PPPPPPPP/BBRNKRQN w KQkq - 0 1
641,BRNBKRQN,brnbkrqn/pppppppp/8/8/8/8/PPPPPPPP/BRNBKRQN w KQkq - 0 1
642,BRNKRBQN,brnkrbqn/pppppppp/8/8/8/8/PPPPPPPP/BRNKRBQN w KQkq - 0 1
643,BRNKRQNB,brnkrqnb/pppppppp/8/8/8/8/PPPPPPPP/BRNKRQNB w KQkq - 0 1
644,RBBNKRQN,rbbnkrqn/pppppppp/8/8/8/8/PPPPPPPP/RBBNKRQN w KQkq - 0 1
645,RNBBKRQN,rnbbkrqn/pppppppp/8/8/8/8/PPPPPPPP/RNBBKRQN w KQkq - 0 1
646,RNBKRBQN,rnbkrbqn/pppppppp/8/8/8/8/PPPPPPPP/RNBKRBQN w KQkq - 0 1
647,RNBKRQNB,rnbkrqnb/pppppppp/8/8/8/8/PPPPPPPP/RNBKRQNB w KQkq - 0 1
648,RBNKBRQN,rbnkbrqn/pppppppp/8/8/8/8/PPPPPPPP/RBNKBRQN w KQkq - 0 1
649,RNKBBRQN,rnkbbrqn/pppppppp/8/8/8/8/PPPPPPPP/RNKBBRQN w KQkq - 0 1
650,RNKRBBQN,rnkrbbqn/pppppppp/8/8/8/8/PPPPPPPP/RNKRBBQN w KQkq - 0 1
651,RNKRBQNB,rnkrbqnb/pppppppp/8/8/8/8/PPPPPPPP/RNKRBQNB w KQkq - 0 1
652,RBNKRQBN,rbnkrqbn/pppppppp/8/8/8/8/PPPPPPPP/RBNKRQBN w KQkq - 0 1
653,RNKBRQBN,rnkbrqbn/pppppppp/8/8/8/8/PPPPPPPP/RNKBRQBN w KQkq - 0 1
654,RNKRQBBN,rnkrqbbn/pppppppp/8/8/8/8/PPPPPPPP/RNKRQBBN w KQkq - 0 1
655,RNKRQNBB,rnkrqnbb/pppppppp/8/8/8/8/PPPPPPPP/RNKRQNBB w KQkq - 0 1
656,BBRNKRNQ,bbrnkrnq/pppppppp/8/8/8/8/PPPPPPPP/BBRNKRNQ w KQkq - 0 1
657,BRNBKRNQ,brnbkrnq/pppppppp/8/8/8/8/PPPPPPPP/BRNBKRNQ w KQkq - 0 1
658,BRNKRBNQ,brnkrbnq/pppppppp/8/8/8/8/PPPPPPPP/BRNKRBNQ w KQkq - 0 1
659,BRNKRNQB,brnkrnqb/pppppppp/8/8/8/8/PPPPPPPP/BRNKRNQB w KQkq - 0 1
660,RBBNKRNQ,rbbnkrnq/pppppppp/8/8/8/8/PPPPPPPP/RBBNKRNQ w KQkq - 0 1
661,RNBBKRNQ,rnbbkrnq/pppppppp/8/8/8/8/PPPPPPPP/RNBBKRNQ w KQkq - 0 1
662,RNBKRBNQ,rnbkrbnq/pppppppp/8/8/8/8/PPPPPPPP/RNBKRBNQ w KQkq - 0 1
663,RNBKRNQB,rnbkrnqb/pppppppp/8/8/8/8/PPPPPPPP/RNBKRNQB w KQkq - 0 1
664,RBNKBRNQ,rbnkbrnq/pppppppp/8/8/8/8/PPPPPPPP/RBNKBRNQ w KQkq - 0 1
665,RNKBBRNQ,rnkbbrnq/pppppppp/8/8/8/8/PPPPPPPP/RNKBBRNQ w KQkq - 0 1
666,RNKRBBNQ,rnkrbbnq/pppppppp/8/8/8/8/PPPPPPPP/RNKRBBNQ w KQkq - 0 1
667,RNKRBNQB,rnkrbnqb/pppppppp/8/8/8/8/PPPPPPPP/RNKRBNQB w KQkq - 0 1
668,RBNKRNBQ,rbnkrnbq/pppppppp/8/8/8/8/PPPPPPPP/RBNKRNBQ w KQkq - 0 1
669,RNKBRNBQ,rnkbrnbq/pppppppp/8/8/8/8/PPPPPPPP/RNKBRNBQ w KQkq - 0 1
670,RNKRNBBQ,rnkrnbbq/pppppppp/8/8/8/8/PPPPPPPP/RNKRNBBQ w KQkq - 0 1
671,RNKRNQBB,rnkrnqbb/pppppppp/8/8/8/8/PPPPPPPP/RNKRNQBB w KQkq - 0 1
672,BBQRKNNR,bbqrknnr/pppppppp/8/8/8/8/PPPPPPPP/BBQRKNNR w KQkq - 0 1
673,BQRBKNNR,bqrbknnr/pppppppp/8/8/8/8/PPPPPPPP/BQRBKNNR w KQkq - 0 1
674,BQRKNBNR,bqrknbnr/pppppppp/8/8/8/8/PPPPPPPP/BQRKNBNR w KQkq - 0 1
675,BQRKNNRB,bqrknnrb/pppppppp/8/8/8/8/PPPPPPPP/BQRKNNRB w KQkq - 0 1
676,QBBRKNNR,qbbrknnr/pppppppp/8/8/8/8/PPPPPPPP/QBBRKNNR w KQkq - 0 1
677,QRBBKNNR,qrbbknnr/pppppppp/8/8/8/8/PPPPPPPP/QRBBKNNR w KQkq - 0 1
678,QRBKNBNR,qrbknbnr/pppppppp/8/8/8/8/PPPPPPPP/QRBKNBNR w KQkq - 0 1
679,QRBKNNRB,qrbknnrb/pppppppp/8/8/8/8/PPPPPPPP/QRBKNNRB w KQkq - 0 1
680,QBRKBNNR,qbrkbnnr/pppppppp/8/8/8/8/PPPPPPPP/QBRKBNNR w KQkq - 0 1
681,QRKBBNNR,qrkbbnnr/pppppppp/8/8/8/8/PPPPPPPP/QRKBBNNR w KQkq - 0 1
682,QRKNBBNR,qrknbbnr/pppppppp/8/8/8/8/PPPPPPPP/QRKNBBNR w KQkq - 0 1
683,QRKNBNRB,qrknbnrb/pppppppp/8/8/8/8/PPPPPPPP/QRKNBNRB w KQkq - 0 1
684,QBRKNNBR,qbrknnbr/pppppppp/8/8/8/8/PPPPPPPP/QBRKNNBR w KQkq - 0 1
685,QRKBNNBR,qrkbnnbr/pppppppp/8/8/8/8/PPPPPPPP/QRKBNNBR w KQkq - 0 1
686,QRKNNBBR,qrknnbbr/pppppppp/8/8/8/8/PPPPPPPP/QRKNNBBR w KQkq - 0 1
687,QRKNNRBB,qrknnrbb/pppppppp/8/8/8/8/PPPPPPPP/QRKNNRBB w KQkq - 0 1
688,BBRQKNNR,bbrqknnr/pppppppp/8/8/8/8/PPPPPPPP/BBRQKNNR w KQkq - 0 1
689,BRQBKNNR,brqbknnr/pppppppp/8/8/8/8/PPPPPPPP/BRQBKNNR w KQkq - 0 1
690,BRQKNBNR,brqknbnr/pppppppp/8/8/8/8/PPPPPPPP/BRQKNBNR w KQkq - 0 1
691,BRQKNNRB,brqknnrb/pppppppp/8/8/8/8/PPPPPPPP/BRQKNNRB w KQkq - 0 1
692,RBBQKNNR,rbbqknnr/pppppppp/8/8/8/8/PPPPPPPP/RBBQKNNR w KQkq - 0 1
693,RQBBKNNR,rqbbknnr/pppppppp/8/8/8/8/PPPPPPPP/RQBBKNNR w KQkq - 0 1
694,RQBKNBNR,rqbknbnr/pppppppp/8/8/8/8/PPPPPPPP/RQBKNBNR w KQkq - 0 1
695,RQBKNNRB,rqbknnrb/pppppppp/8/8/8/8/PPPPPPPP/RQBKNNRB w KQkq - 0 1
696,RBQKBNNR,rbqkbnnr/pppppppp/8/8/8/8/PPPPPPPP/RBQKBNNR w KQkq - 0 1
697,RQKBBNNR,rqkbbnnr/pppppppp/8/8/8/8/PPPPPPPP/RQKBBNNR w KQkq - 0 1
698,RQKNBBNR,rqknbbnr/pppppppp/8/8/8/8/PPPPPPPP/RQKNBBNR w KQkq - 0 1
699,RQKNBNRB,rqknbnrb/pppppppp/8/8/8/8/PPPPPPPP/RQKNBNRB w KQkq - 0 1
700,RBQKNNBR,rbqknnbr/pppppppp/8/8/8/8/PPPPPPPP/RBQKNNBR w KQkq - 0 1
701,RQKBNNBR,rqkbnnbr/pppppppp/8/8/8/8/PPPPPPPP/RQKBNNBR w KQkq - 0 1
702,RQKNNBBR,rqknnbbr/pppppppp/8/8/8/8/PPPPPPPP/RQKNNBBR w KQkq - 0 1
703,RQKNNRBB,rqknnrbb/pppppppp/8/8/8/8/PPPPPPPP/RQKNNRBB w KQkq - 0 1
704,BBRKQNNR,bbrkqnnr/pppppppp/8/8/8/8/PPPPPPPP/BBRKQNNR w KQkq - 0 1
705,BRKBQNNR,brkbqnnr/pppppppp/8/8/8/8/PPPPPPPP/BRKBQNNR w KQkq - 0 1
706,BRKQNBNR,brkqnbnr/pppppppp/8/8/8/8/PPPPPPPP/BRKQNBNR w KQkq - 0 1
707,BRKQNNRB,brkqnnrb/pppppppp/8/8/8/8/PPPPPPPP/BRKQNNRB w KQkq - 0 1
708,RBBKQNNR,rbbkqnnr/pppppppp/8/8/8/8/PPPPPPPP/RBBKQNNR w KQkq - 0 1
709,RKBBQNNR,rkbbqnnr/pppppppp/8/8/8/8/PPPPPPPP/RKBBQNNR w KQkq - 0 1
710,RKBQNBNR,rkbqnbnr/pppppppp/8/8/8/8/PPPPPPPP/RKBQNBNR w KQkq - 0 1
711,RKBQNNRB,rkbqnnrb/pppppppp/8/8/8/8/PPPPPPPP/RKBQNNRB w KQkq - 0 1
712,RBKQBNNR,rbkqbnnr/pppppppp/8/8/8/8/PPPPPPPP/RBKQBNNR w KQkq - 0 1
713,RKQBBNNR,rkqbbnnr/pppppppp/8/8/8/8/PPPPPPPP/RKQBBNNR w KQkq - 0 1
714,RKQNBBNR,rkqnbbnr/pppppppp/8/8/8/8/PPPPPPPP/RKQNBBNR w KQkq - 0 1
715,RKQNBNRB,rkqnbnrb/pppppppp/8/8/8/8/PPPPPPPP/RKQNBNRB w KQkq - 0 1
716,RBKQNNBR,rbkqnnbr/pppppppp/8/8/8/8/PPPPPPPP/RBKQNNBR w KQkq - 0 1
717,RKQBNNBR,rkqbnnbr/pppppppp/8/8/8/8/PPPPPPPP/RKQBNNBR w KQkq - 0 1
718,RKQNNBBR,rkqnnbbr/pppppppp/8/8/8/8/PPPPPPPP/RKQNNBBR w KQkq - 0 1
719,RKQNNRBB,rkqnnrbb/pppppppp/8/8/8/8/PPPPPPPP/RKQNNRBB w KQkq - 0 1
720,BBRKNQNR,bbrknqnr/pppppppp/8/8/8/8/PPPPPPPP/BBRKNQNR w KQkq - 0 1
721,BRKBNQNR,brkbnqnr/pppppppp/8/8/8/8/PPPPPPPP/BRKBNQNR w KQkq - 0 1
722,BRKNQBNR,brknqbnr/pppppppp/8/8/8/8/PPPPPPPP/BRKNQBNR w KQkq - 0 1
723,BRKNQNRB,brknqnrb/pppppppp/8/8/8/8/PPPPPPPP/BRKNQNRB w KQkq - 0 1
724,RBBKNQNR,rbbknqnr/pppppppp/8/8/8/8/PPPPPPPP/RBBKNQNR w KQkq - 0 1
725,RKBBNQNR,rkbbnqnr/pppppppp/8/8/8/8/PPPPPPPP/RKBBNQNR w KQkq - 0 1
726,RKBNQBNR,rkbnqbnr/pppppppp/8/8/8/8/PPPPPPPP/RKBNQBNR w KQkq - 0 1
727,RKBNQNRB,rkbnqnrb/pppppppp/8/8/8/8/PPPPPPPP/RKBNQNRB w KQkq - 0 1
728,RBKNBQNR,rbknbqnr/pppppppp/8/8/8/8/PPPPPPPP/RBKNBQNR w KQkq - 0 1
729,RKNBBQNR,rknbbqnr/pppppppp/8/8/8/8/PPPPPPPP/RKNBBQNR w KQkq - 0 1
730,RKNQBBNR,rknqbbnr/pppppppp/8/8/8/8/PPPPPPPP/RKNQBBNR w KQkq - 0 1
731,RKNQBNRB,rknqbnrb/pppppppp/8/8/8/8/PPPPPPPP/RKNQBNRB w KQkq - 0 1
732,RBKNQNBR,rbknqnbr/pppppppp/8/8/8/8/PPPPPPPP/RBKNQNBR w KQkq - 0 1
733,RKNBQNBR,rknbqnbr/pppppppp/8/8/8/8/PPPPPPPP/RKNBQNBR w KQkq - 0 1
734,RKNQNBBR,rknqnbbr/pppppppp/8/8/8/8/PPPPPPPP/RKNQNBBR w KQkq - 0 1
735,RKNQNRBB,rknqnrbb/pppppppp/8/8/8/8/PPPPPPPP/RKNQNRBB w KQkq - 0 1
736,BBRKNNQR,bbrknnqr/pppppppp/8/8/8/8/PPPPPPPP/BBRKNNQR w KQkq - 0 1
737,BRKBNNQR,brkbnnqr/pppppppp/8/8/8/8/PPPPPPPP/BRKBNNQR w KQkq - 0 1
738,BRKNNBQR,brknnbqr/pppppppp/8/8/8/8/PPPPPPPP/BRKNNBQR w KQkq - 0 1
739,BRKNNQRB,brknnqrb/pppppppp/8/8/8/8/PPPPPPPP/BRKNNQRB w KQkq - 0 1
740,RBBKNNQR,rbbknnqr/pppppppp/8/8/8/8/PPPPPPPP/RBBKNNQR w KQkq - 0 1
741,RKBBNNQR,rkbbnnqr/pppppppp/8/8/8/8/PPPPPPPP/RKBBNNQR w KQkq - 0 1
742,RKBNNBQR,rkbnnbqr/pppppppp/8/8/8/8/PPPPPPPP/RKBNNBQR w KQkq - 0 1
743,RKBNNQRB,rkbnnqrb/pppppppp/8/8/8/8/PPPPPPPP/RKBNNQRB w KQkq - 0 1
744,RBKNBNQR,rbknbnqr/pppppppp/8/8/8/8/PPPPPPPP/RBKNBNQR w KQkq - 0 1
745,RKNBBNQR,rknbbnqr/pppppppp/8/8/8/8/PPPPPPPP/RKNBBNQR w KQkq - 0 1
746,RKNNBBQR,rknnbbqr/pppppppp/8/8/8/8/PPPPPPPP/RKNNBBQR w KQkq - 0 1
747,RKNNBQRB,rknnbqrb/pppppppp/8/8/8/8/PPPPPPPP/RKNNBQRB w KQkq - 0 1
748,RBKNNQBR,rbknnqbr/pppppppp/8/8/8/8/PPPPPPPP/RBKNNQBR w KQkq - 0 1
749,RKNBNQBR,rknbnqbr/pppppppp/8/8/8/8/PPPPPPPP/RKNBNQBR w KQkq - 0 1
750,RKNNQBBR,rknnqbbr/pppppppp/8/8/8/8/PPPPPPPP/RKNNQBBR w KQkq - 0 1
751,RKNNQRBB,rknnqrbb/pppppppp/8/8/8/8/PPPPPPPP/RKNNQRBB w KQkq - 0 1
752,BBRKNNRQ,bbrknnrq/pppppppp/8/8/8/8/PPPPPPPP/BBRKNNRQ w KQkq - 0 1
753,BRKBNNRQ,brkbnnrq/pppppppp/8/8/8/8/PPPPPPPP/BRKBNNRQ w KQkq - 0 1
754,BRKNNBRQ,brknnbrq/pppppppp/8/8/8/8/PPPPPPPP/BRKNNBRQ w KQkq - 0 1
755,BRKNNRQB,brknnrqb/pppppppp/8/8/8/8/PPPPPPPP/BRKNNRQB w KQkq - 0 1
756,RBBKNNRQ,rbbknnrq/pppppppp/8/8/8/8/PPPPPPPP/RBBKNNRQ w KQkq - 0 1
757,RKBBNNRQ,rkbbnnrq/pppppppp/8/8/8/8/PPPPPPPP/RKBBNNRQ w KQkq - 0 1
758,RKBNNBRQ,rkbnnbrq/pppppppp/8/8/8/8/PPPPPPPP/RKBNNBRQ w KQkq - 0 1
759,RKBNNRQB,rkbnnrqb/pppppppp/8/8/8/8/PPPPPPPP/RKBNNRQB w KQkq - 0 1
760,RBKNBNRQ,rbknbnrq/pppppppp/8/8/8/8/PPPPPPPP/RBKNBNRQ w KQkq - 0 1
761,RKNBBNRQ,rknbbnrq/pppppppp/8/8/8/8/PPPPPPPP/RKNBBNRQ w KQkq - 0 1
762,RKNNBBRQ,rknnbbrq/pppppppp/8/8/8/8/PPPPPPPP/RKNNBBRQ w KQkq - 0 1
763,RKNNBRQB,rknnbrqb/pppppppp/8/8/8/8/PPPPPPPP/RKNNBRQB w KQkq - 0 1
764,RBKNNRBQ,rbknnrbq/pppppppp/8/8/8/8/PPPPPPPP/RBKNNRBQ w KQkq - 0 1
765,RKNBNRBQ,rknbnrbq/pppppppp/8/8/8/8/PPPPPPPP/RKNBNRBQ w KQkq - 0 1
766,RKNNRBBQ,rknnrbbq/pppppppp/8/8/8/8/PPPPPPPP/RKNNRBBQ w KQkq - 0 1
767,RKNNRQBB,rknnrqbb/pppppppp/8/8/8/8/PPPPPPPP/RKNNRQBB w KQkq - 0 1
768,BBQRKNRN,bbqrknrn/pppppppp/8/8/8/8/PPPPPPPP/BBQRKNRN w KQkq - 0 1
769,BQRBKNRN,bqrbknrn/pppppppp/8/8/8/8/PPPPPPPP/BQRBKNRN w KQkq - 0 1
770,BQRKNBRN,bqrknbrn/pppppppp/8/8/8/8/PPPPPPPP/BQRKNBRN w KQkq - 0 1
771,BQRKNRNB,bqrknrnb/pppppppp/8/8/8/8/PPPPPPPP/BQRKNRNB w KQkq - 0 1
772,QBBRKNRN,qbbrknrn/pppppppp/8/8/8/8/PPPPPPPP/QBBRKNRN w KQkq - 0 1
773,QRBBKNRN,qrbbknrn/pppppppp/8/8/8/8/PPPPPPPP/QRBBKNRN w KQkq - 0 1
774,QRBKNBRN,qrbknbrn/pppppppp/8/8/8/8/PPPPPPPP/QRBKNBRN w KQkq - 0 1
775,QRBKNRNB,qrbknrnb/pppppppp/8/8/8/8/PPPPPPPP/QRBKNRNB w KQkq - 0 1
776,QBRKBNRN,qbrkbnrn/pppppppp/8/8/8/8/PPPPPPPP/QBRKBNRN w KQkq - 0 1
777,QRKBBNRN,qrkbbnrn/pppppppp/8/8/8/8/PPPPPPPP/QRKBBNRN w KQkq - 0 1
778,QRKNBBRN,qrknbbrn/pppppppp/8/8/8/8/PPPPPPPP/QRKNBBRN w KQkq - 0 1
779,QRKNBRNB,qrknbrnb/pppppppp/8/8/8/8/PPPPPPPP/QRKNBRNB w KQkq - 0 1
780,QBRKNRBN,qbrknrbn/pppppppp/8/8/8/8/PPPPPPPP/QBRKNRBN w KQkq - 0 1
781,QRKBNRBN,qrkbnrbn/pppppppp/8/8/8/8/PPPPPPPP/QRKBNRBN w KQkq - 0 1
782,QRKNRBBN,qrknrbbn/pppppppp/8/8/8/8/PPPPPPPP/QRKNRBBN w KQkq - 0 1
783,QRKNRNBB,qrknrnbb/pppppppp/8/8/8/8/PPPPPPPP/QRKNRNBB w KQkq - 0 1
784,BBRQKNRN,bbrqknrn/pppppppp/8/8/8/8/PPPPPPPP/BBRQKNRN w KQkq - 0 1
785,BRQBKNRN,brqbknrn/pppppppp/8/8/8/8/PPPPPPPP/BRQBKNRN w KQkq - 0 1
786,BRQKNBRN,brqknbrn/pppppppp/8/8/8/8/PPPPPPPP/BRQKNBRN w KQkq - 0 1
787,BRQKNRNB,brqknrnb/pppppppp/8/8/8/8/PPPPPPPP/BRQKNRNB w KQkq - 0 1
788,RBBQKNRN,rbbqknrn/pppppppp/8/8/8/8/PPPPPPPP/RBBQKNRN w KQkq - 0 1
789,RQBBKNRN,rqbbknrn/pppppppp/8/8/8/8/PPPPPPPP/RQBBKNRN w KQkq - 0 1
790,RQBKNBRN,rqbknbrn/pppppppp/8/8/8/8/PPPPPPPP/RQBKNBRN w KQkq - 0 1
791,RQBKNRNB,rqbknrnb/pppppppp/8/8/8/8/PPPPPPPP/RQBKNRNB w KQkq - 0 1
792,RBQKBNRN,rbqkbnrn/pppppppp/8/8/8/8/PPPPPPPP/RBQKBNRN w KQkq - 0 1
793,RQKBBNRN,rqkbbnrn/pppppppp/8/8/8/8/PPPPPPPP/RQKBBNRN w KQkq - 0 1
794,RQKNBBRN,rqknbbrn/pppppppp/8/8/8/8/PPPPPPPP/RQKNBBRN w KQkq - 0 1
795,RQKNBRNB,rqknbrnb/pppppppp/8/8/8/8/PPPPPPPP/RQKNBRNB w KQkq - 0 1
796,RBQKNRBN,rbqknrbn/pppppppp/8/8/8/8/PPPPPPPP/RBQKNRBN w KQkq - 0 1
797,RQKBNRBN,rqkbnrbn/pppppppp/8/8/8/8/PPPPPPPP/RQKBNRBN w KQkq - 0 1
798,RQKNRBBN,rqknrbbn/pppppppp/8/8/8/8/PPPPPPPP/RQKNRBBN w KQkq - 0 1
799,RQKNRNBB,rqknrnbb/pppppppp/8/8/8/8/PPPPPPPP/RQKNRNBB w KQkq - 0 1
800,BBRKQNRN,bbrkqnrn/pppppppp/8/8/8/8/PPPPPPPP/BBRKQNRN w KQkq - 0 1
801,BRKBQNRN,brkbqnrn/pppppppp/8/8/8/8/PPPPPPPP/BRKBQNRN w KQkq - 0 1
802,BRKQNBRN,brkqnbrn/pppppppp/8/8/8/8/PPPPPPPP/BRKQNBRN w KQkq - 0 1
803,BRKQNRNB,brkqnrnb/pppppppp/8/8/8/8/PPPPPPPP/BRKQNRNB w KQkq - 0 1
804,RBBKQNRN,rbbkqnrn/pppppppp/8/8/8/8/PPPPPPPP/RBBKQNRN w KQkq - 0 1
805,RKBBQNRN,rkbbqnrn/pppppppp/8/8/8/8/PPPPPPPP/RKBBQNRN w KQkq - 0 1
806,RKBQNBRN,rkbqnbrn/pppppppp/8/8/8/8/PPPPPPPP/RKBQNBRN w KQkq - 0 1
807,RKBQNRNB,rkbqnrnb/pppppppp/8/8/8/8/PPPPPPPP/RKBQNRNB w KQkq - 0 1
808,RBKQBNRN,rbkqbnrn/pppppppp/8/8/8/8/PPPPPPPP/RBKQBNRN w KQkq - 0 1
809,RKQBBNRN,rkqbbnrn/pppppppp/8/8/8/8/PPPPPPPP/RKQBBNRN w KQkq - 0 1
810,RKQNBBRN,rkqnbbrn/pppppppp/8/8/8/8/PPPPPPPP/RKQNBBRN w KQkq - 0 1
811,RKQNBRNB,rkqnbrnb/pppppppp/8/8/8/8/PPPPPPPP/RKQNBRNB w KQkq - 0 1
812,RBKQNRBN,rbkqnrbn/pppppppp/8/8/8/8/PPPPPPPP/RBKQNRBN w KQkq - 0 1
813,RKQBNRBN,rkqbnrbn/pppppppp/8/8/8/8/PPPPPPPP/RKQBNRBN w KQkq - 0 1
814,RKQNRBBN,rkqnrbbn/pppppppp/8/8/8/8/PPPPPPPP/RKQNRBBN w KQkq - 0 1
815,RKQNRNBB,rkqnrnbb/pppppppp/8/8/8/8/PPPPPPPP/RKQNRNBB w KQkq - 0 1
816,BBRKNQRN,bbrknqrn/pppppppp/8/8/8/8/PPPPPPPP/BBRKNQRN w KQkq - 0 1
817,BRKBNQRN,brkbnqrn/pppppppp/8/8/8/8/PPPPPPPP/BRKBNQRN w KQkq - 0 1
818,BRKNQBRN,brknqbrn/pppppppp/8/8/8/8/PPPPPPPP/BRKNQBRN w KQkq - 0 1
819,BRKNQRNB,brknqrnb/pppppppp/8/8/8/8/PPPPPPPP/BRKNQRNB w KQkq - 0 1
820,RBBKNQRN,rbbknqrn/pppppppp/8/8/8/8/PPPPPPPP/RBBKNQRN w KQkq - 0 1
821,RKBBNQRN,rkbbnqrn/pppppppp/8/8/8/8/PPPPPPPP/RKBBNQRN w KQkq - 0 1
822,RKBNQBRN,rkbnqbrn/pppppppp/8/8/8/8/PPPPPPPP/RKBNQBRN w KQkq - 0 1
823,RKBNQRNB,rkbnqrnb/pppppppp/8/8/8/8/PPPPPPPP/RKBNQRNB w KQkq - 0 1
824,RBKNBQRN,rbknbqrn/pppppppp/8/8/8/8/PPPPPPPP/RBKNBQRN w KQkq - 0 1
825,RKNBBQRN,rknbbqrn/pppppppp/8/8/8/8/PPPPPPPP/RKNBBQRN w KQkq - 0 1
826,RKNQBBRN,rknqbbrn/pppppppp/8/8/8/8/PPPPPPPP/RKNQBBRN w KQkq - 0 1
827,RKNQBRNB,rknqbrnb/pppppppp/8/8/8/8/PPPPPPPP/RKNQBRNB w KQkq - 0 1
828,RBKNQRBN,rbknqrbn/pppppppp/8/8/8/8/PPPPPPPP/RBKNQRBN w KQkq - 0 1
829,RKNBQRBN,rknbqrbn/pppppppp/8/8/8/8/PPPPPPPP/RKNBQRBN w KQkq - 0 1
830,RKNQRBBN,rknqrbbn/pppppppp/8/8/8/8/PPPPPPPP/RKNQRBBN w KQkq - 0 1
831,RKNQRNBB,rknqrnbb/pppppppp/8/8/8/8/PPPPPPPP/RKNQRNBB w KQkq - 0 1
832,BBRKNRQN,bbrknrqn/pppppppp/8/8/8/8/PPPPPPPP/BBRKNRQN w KQkq - 0 1
833,BRKBNRQN,brkbnrqn/pppppppp/8/8/8/8/PPPPPPPP/BRKBNRQN w KQkq - 0 1
834,BRKNRBQN,brknrbqn/pppppppp/8/8/8/8/PPPPPPPP/BRKNRBQN w KQkq - 0 1
835,BRKNRQNB,brknrqnb/pppppppp/8/8/8/8/PPPPPPPP/BRKNRQNB w KQkq - 0 1
836,RBBKNRQN,rbbknrqn/pppppppp/8/8/8/8/PPPPPPPP/RBBKNRQN w KQkq - 0 1
837,RKBBNRQN,rkbbnrqn/pppppppp/8/8/8/8/PPPPPPPP/RKBBNRQN w KQkq - 0 1
838,RKBNRBQN,rkbnrbqn/pppppppp/8/8/8/8/PPPPPPPP/RKBNRBQN w KQkq - 0 1
839,RKBNRQNB,rkbnrqnb/pppppppp/8/8/8/8/PPPPPPPP/RKBNRQNB w KQkq - 0 1
840,RBKNBRQN,rbknbrqn/pppppppp/8/8/8/8/PPPPPPPP/RBKNBRQN w KQkq - 0 1
841,RKNBBRQN,rknbbrqn/pppppppp/8/8/8/8/PPPPPPPP/RKNBBRQN w KQkq - 0 1
842,RKNRBBQN,rknrbbqn/pppppppp/8/8/8/8/PPPPPPPP/RKNRBBQN w KQkq - 0 1
843,RKNRBQNB,rknrbqnb/pppppppp/8/8/8/8/PPPPPPPP/RKNRBQNB w KQkq - 0 1
844,RBKNRQBN,rbknrqbn/pppppppp/8/8/8/8/PPPPPPPP/RBKNRQBN w KQkq - 0 1
845,RKNBRQBN,rknbrqbn/pppppppp/8/8/8/8/PPPPPPPP/RKNBRQBN w KQkq - 0 1
846,RKNRQBBN,rknrqbbn/pppppppp/8/8/8/8/PPPPPPPP/RKNRQBBN w KQkq - 0 1
847,RKNRQNBB,rknrqnbb/pppppppp/8/8/8/8/PPPPPPPP/RKNRQNBB w KQkq - 0 1
848,BBRKNRNQ,bbrknrnq/pppppppp/8/8/8/8/PPPPPPPP/BBRKNRNQ w KQkq - 0 1
849,BRKBNRNQ,brkbnrnq/pppppppp/8/8/8/8/PPPPPPPP/BRKBNRNQ w KQkq - 0 1
850,BRKNRBNQ,brknrbnq/pppppppp/8/8/8/8/PPPPPPPP/BRKNRBNQ w KQkq - 0 1
851,BRKNRNQB,brknrnqb/pppppppp/8/8/8/8/PPPPPPPP/BRKNRNQB w KQkq - 0 1
852,RBBKNRNQ,rbbknrnq/pppppppp/8/8/8/8/PPPPPPPP/RBBKNRNQ w KQkq - 0 1
853,RKBBNRNQ,rkbbnrnq/pppppppp/8/8/8/8/PPPPPPPP/RKBBNRNQ w KQkq - 0 1
854,RKBNRBNQ,rkbnrbnq/pppppppp/8/8/8/8/PPPPPPPP/RKBNRBNQ w KQkq - 0 1
855,RKBNRNQB,rkbnrnqb/pppppppp/8/8/8/8/PPPPPPPP/RKBNRNQB w KQkq - 0 1
856,RBKNBRNQ,rbknbrnq/pppppppp/8/8/8/8/PPPPPPPP/RBKNBRNQ w KQkq - 0 1
857,RKNBBRNQ,rknbbrnq/pppppppp/8/8/8/8/PPPPPPPP/RKNBBRNQ w KQkq - 0 1
858,RKNRBBNQ,rknrbbnq/pppppppp/8/8/8/8/PPPPPPPP/RKNRBBNQ w KQkq - 0 1
859,RKNRBNQB,rknrbnqb/pppppppp/8/8/8/8/PPPPPPPP/RKNRBNQB w KQkq - 0 1
860,RBKNRNBQ,rbknrnbq/pppppppp/8/8/8/8/PPPPPPPP/RBKNRNBQ w KQkq - 0 1
861,RKNBRNBQ,rknbrnbq/pppppppp/8/8/8/8/PPPPPPPP/RKNBRNBQ w KQkq - 0 1
862,RKNRNBBQ,rknrnbbq/pppppppp/8/8/8/8/PPPPPPPP/RKNRNBBQ w KQkq - 0 1
863,RKNRNQBB,rknrnqbb/pppppppp/8/8/8/8/PPPPPPPP/RKNRNQBB w KQkq - 0 1
864,BBQRKRNN,bbqrkrnn/pppppppp/8/8/8/8/PPPPPPPP/BBQRKRNN w KQkq - 0 1
865,BQRBKRNN,bqrbkrnn/pppppppp/8/8/8/8/PPPPPPPP/BQRBKRNN w KQkq - 0 1
866,BQRKRBNN,bqrkrbnn/pppppppp/8/8/8/8/PPPPPPPP/BQRKRBNN w KQkq - 0 1
867,BQRKRNNB,bqrkrnnb/pppppppp/8/8/8/8/PPPPPPPP/BQRKRNNB w KQkq - 0 1
868,QBBRKRNN,qbbrkrnn/pppppppp/8/8/8/8/PPPPPPPP/QBBRKRNN w KQkq - 0 1
869,QRBBKRNN,qrbbkrnn/pppppppp/8/8/8/8/PPPPPPPP/QRBBKRNN w KQkq - 0 1
870,QRBKRBNN,qrbkrbnn/pppppppp/8/8/8/8/PPPPPPPP/QRBKRBNN w KQkq - 0 1
871,QRBKRNNB,qrbkrnnb/pppppppp/8/8/8/8/PPPPPPPP/QRBKRNNB w KQkq - 0 1
872,QBRKBRNN,qbrkbrnn/pppppppp/8/8/8/8/PPPPPPPP/QBRKBRNN w KQkq - 0 1
873,QRKBBRNN,qrkbbrnn/pppppppp/8/8/8/8/PPPPPPPP/QRKBBRNN w KQkq - 0 1
874,QRKRBBNN,qrkrbbnn/pppppppp/8/8/8/8/PPPPPPPP/QRKRBBNN w KQkq - 0 1
875,QRKRBNNB,qrkrbnnb/pppppppp/8/8/8/8/PPPPPPPP/QRKRBNNB w KQkq - 0 1
876,QBRKRNBN,qbrkrnbn/pppppppp/8/8/8/8/PPPPPPPP/QBRKRNBN w KQkq - 0 1
877,QRKBRNBN,qrkbrnbn/pppppppp/8/8/8/8/PPPPPPPP/QRKBRNBN w KQkq - 0 1
878,QRKRNBBN,qrkrnbbn/pppppppp/8/8/8/8/PPPPPPPP/QRKRNBBN w KQkq - 0 1
879,QRKRNNBB,qrkrnnbb/pppppppp/8/8/8/8/PPPPPPPP/QRKRNNBB w KQkq - 0 1
880,BBRQKRNN,bbrqkrnn/pppppppp/8/8/8/8/PPPPPPPP/BBRQKRNN w KQkq - 0 1
881,BRQBKRNN,brqbkrnn/pppppppp/8/8/8/8/PPPPPPPP/BRQBKRNN w KQkq - 0 1
882,BRQKRBNN,brqkrbnn/pppppppp/8/8/8/8/PPPPPPPP/BRQKRBNN w KQkq - 0 1
883,BRQKRNNB,brqkrnnb/pppppppp/8/8/8/8/PPPPPPPP/BRQKRNNB w KQkq - 0 1
884,RBBQKRNN,rbbqkrnn/pppppppp/8/8/8/8/PPPPPPPP/RBBQKRNN w KQkq - 0 1
885,RQBBKRNN,rqbbkrnn/pppppppp/8/8/8/8/PPPPPPPP/RQBBKRNN w KQkq - 0 1
886,RQBKRBNN,rqbkrbnn/pppppppp/8/8/8/8/PPPPPPPP/RQBKRBNN w KQkq - 0 1
887,RQBKRNNB,rqbkrnnb/pppppppp/8/8/8/8/PPPPPPPP/RQBKRNNB w KQkq - 0 1
888,RBQKBRNN,rbqkbrnn/pppppppp/8/8/8/8/PPPPPPPP/RBQKBRNN w KQkq - 0 1
889,RQKBBRNN,rqkbbrnn/pppppppp/8/8/8/8/PPPPPPPP/RQKBBRNN w KQkq - 0 1
890,RQKRBBNN,rqkrbbnn/pppppppp/8/8/8/8/PPPPPPPP/RQKRBBNN w KQkq - 0 1
891,RQKRBNNB,rqkrbnnb/pppppppp/8/8/8/8/PPPPPPPP/RQKRBNNB w KQkq - 0 1
892,RBQKRNBN,rbqkrnbn/pppppppp/8/8/8/8/PPPPPPPP/RBQKRNBN w KQkq - 0 1
893,RQKBRNBN,rqkbrnbn/pppppppp/8/8/8/8/PPPPPPPP/RQKBRNBN w KQkq - 0 1
894,RQKRNBBN,rqkrnbbn/pppppppp/8/8/8/8/PPPPPPPP/RQKRNBBN w KQkq - 0 1
895,RQKRNNBB,rqkrnnbb/pppppppp/8/8/8/8/PPPPPPPP/RQKRNNBB w KQkq - 0 1
896,BBRKQRNN,bbrkqrnn/pppppppp/8/8/8/8/PPPPPPPP/BBRKQRNN w KQkq - 0 1
897,BRKBQRNN,brkbqrnn/pppppppp/8/8/8/8/PPPPPPPP/BRKBQRNN w KQkq - 0 1
898,BRKQRBNN,brkqrbnn/pppppppp/8/8/8/8/PPPPPPPP/BRKQRBNN w KQkq - 0 1
899,BRKQRNNB,brkqrnnb/pppppppp/8/8/8/8/PPPPPPPP/BRKQRNNB w KQkq - 0 1
900,RBBKQRNN,rbbkqrnn/pppppppp/8/8/8/8/PPPPPPPP/RBBKQRNN w KQkq - 0 1
901,RKBBQRNN,rkbbqrnn/pppppppp/8/8/8/8/PPPPPPPP/RKBBQRNN w KQkq - 0 1
902,RKBQRBNN,rkbqrbnn/pppppppp/8/8/8/8/PPPPPPPP/RKBQRBNN w KQkq - 0 1
903,RKBQRNNB,rkbqrnnb/pppppppp/8/8/8/8/PPPPPPPP/RKBQRNNB w KQkq - 0 1
904,RBKQBRNN,rbkqbrnn/pppppppp/8/8/8/8/PPPPPPPP/RBKQBRNN w KQkq - 0 1
905,RKQBBRNN,rkqbbrnn/pppppppp/8/8/8/8/PPPPPPPP/RKQBBRNN w KQkq - 0 1
906,RKQRBBNN,rkqrbbnn/pppppppp/8/8/8/8/PPPPPPPP/RKQRBBNN w KQkq - 0 1
907,RKQRBNNB,rkqrbnnb/pppppppp/8/8/8/8/PPPPPPPP/RKQRBNNB w KQkq - 0 1
908,RBKQRNBN,rbkqrnbn/pppppppp/8/8/8/8/PPPPPPPP/RBKQRNBN w KQkq - 0 1
909,RKQBRNBN,rkqbrnbn/pppppppp/8/8/8/8/PPPPPPPP/RKQBRNBN w KQkq - 0 1
910,RKQRNBBN,rkqrnbbn/pppppppp/8/8/8/8/PPPPPPPP/RKQRNBBN w KQkq - 0 1
911,RKQRNNBB,rkqrnnbb/pppppppp/8/8/8/8/PPPPPPPP/RKQRNNBB w KQkq - 0 1
912,BBRKRQNN,bbrkrqnn/pppppppp/8/8/8/8/PPPPPPPP/BBRKRQNN w KQkq - 0 1
913,BRKBRQNN,brkbrqnn/pppppppp/8/8/8/8/PPPPPPPP/BRKBRQNN w KQkq - 0 1
914,BRKRQBNN,brkrqbnn/pppppppp/8/8/8/8/PPPPPPPP/BRKRQBNN w KQkq - 0 1
915,BRKRQNNB,brkrqnnb/pppppppp/8/8/8/8/PPPPPPPP/BRKRQNNB w KQkq - 0 1
916,RBBKRQNN,rbbkrqnn/pppppppp/8/8/8/8/PPPPPPPP/RBBKRQNN w KQkq - 0 1
917,RKBBRQNN,rkbbrqnn/pppppppp/8/8/8/8/PPPPPPPP/RKBBRQNN w KQkq - 0 1
918,RKBRQBNN,rkbrqbnn/pppppppp/8/8/8/8/PPPPPPPP/RKBRQBNN w KQkq - 0 1
919,RKBRQNNB,rkbrqnnb/pppppppp/8/8/8/8/PPPPPPPP/RKBRQNNB w KQkq - 0 1
920,RBKRBQNN,rbkrbqnn/pppppppp/8/8/8/8/PPPPPPPP/RBKRBQNN w KQkq - 0 1
921,RKRBBQNN,rkrbbqnn/pppppppp/8/8/8/8/PPPPPPPP/RKRBBQNN w KQkq - 0 1
922,RKRQBBNN,rkrqbbnn/pppppppp/8/8/8/8/PPPPPPPP/RKRQBBNN w KQkq - 0 1
923,RKRQBNNB,rkrqbnnb/pppppppp/8/8/8/8/PPPPPPPP/RKRQBNNB w KQkq - 0 1
924,RBKRQNBN,rbkrqnbn/pppppppp/8/8/8/8/PPPPPPPP/RBKRQNBN w KQkq - 0 1
925,RKRBQNBN,rkrbqnbn/pppppppp/8/8/8/8/PPPPPPPP/RKRBQNBN w KQkq - 0 1
926,RKRQNBBN,rkrqnbbn/pppppppp/8/8/8/8/PPPPPPPP/RKRQNBBN w KQkq - 0 1
927,RKRQNNBB,rkrqnnbb/pppppppp/8/8/8/8/PPPPPPPP/RKRQNNBB w KQkq - 0 1
928,BBRKRNQN,bbrkrnqn/pppppppp/8/8/8/8/PPPPPPPP/BBRKRNQN w KQkq - 0 1
929,BRKBRNQN,brkbrnqn/pppppppp/8/8/8/8/PPPPPPPP/BRKBRNQN w KQkq - 0 1
930,BRKRNBQN,brkrnbqn/pppppppp/8/8/8/8/PPPPPPPP/BRKRNBQN w KQkq - 0 1
931,BRKRNQNB,brkrnqnb/pppppppp/8/8/8/8/PPPPPPPP/BRKRNQNB w KQkq - 0 1
932,RBBKRNQN,rbbkrnqn/pppppppp/8/8/8/8/PPPPPPPP/RBBKRNQN w KQkq - 0 1
933,RKBBRNQN,rkbbrnqn/pppppppp/8/8/8/8/PPPPPPPP/RKBBRNQN w KQkq - 0 1
934,RKBRNBQN,rkbrnbqn/pppppppp/8/8/8/8/PPPPPPPP/RKBRNBQN w KQkq - 0 1
935,RKBRNQNB,rkbrnqnb/pppppppp/8/8/8/8/PPPPPPPP/RKBRNQNB w KQkq - 0 1
936,RBKRBNQN,rbkrbnqn/pppppppp/8/8/8/8/PPPPPPPP/RBKRBNQN w KQkq - 0 1
937,RKRBBNQN,rkrbbnqn/pppppppp/8/8/8/8/PPPPPPPP/RKRBBNQN w KQkq - 0 1
938,RKRNBBQN,rkrnbbqn/pppppppp/8/8/8/8/PPPPPPPP/RKRNBBQN w KQkq - 0 1
939,RKRNBQNB,rkrnbqnb/pppppppp/8/8/8/8/PPPPPPPP/RKRNBQNB w KQkq - 0 1
940,RBKRNQBN,rbkrnqbn/pppppppp/8/8/8/8/PPPPPPPP/RBKRNQBN w KQkq - 0 1
941,RKRBNQBN,rkrbnqbn/pppppppp/8/8/8/8/PPPPPPPP/RKRBNQBN w KQkq - 0 1
942,RKRNQBBN,rkrnqbbn/pppppppp/8/8/8/8/PPPPPPPP/RKRNQBBN w KQkq - 0 1
943,RKRNQNBB,rkrnqnbb/pppppppp/8/8/8/8/PPPPPPPP/RKRNQNBB w KQkq - 0 1
944,BBRKRNNQ,bbrkrnnq/pppppppp/8/8/8/8/PPPPPPPP/BBRKRNNQ w KQkq - 0 1
945,BRKBRNNQ,brkbrnnq/pppppppp/8/8/8/8/PPPPPPPP/BRKBRNNQ w KQkq - 0 1
946,BRKRNBNQ,brkrnbnq/pppppppp/8/8/8/8/PPPPPPPP/BRKRNBNQ w KQkq - 0 1
947,BRKRNNQB,brkrnnqb/pppppppp/8/8/8/8/PPPPPPPP/BRKRNNQB w KQkq - 0 1
948,RBBKRNNQ,rbbkrnnq/pppppppp/8/8/8/8/PPPPPPPP/RBBKRNNQ w KQkq - 0 1
949,RKBBRNNQ,rkbbrnnq/pppppppp/8/8/8/8/PPPPPPPP/RKBBRNNQ w KQkq - 0 1
950,RKBRNBNQ,rkbrnbnq/pppppppp/8/8/8/8/PPPPPPPP/RKBRNBNQ w KQkq - 0 1
951,RKBRNNQB,rkbrnnqb/pppppppp/8/8/8/8/PPPPPPPP/RKBRNNQB w KQkq - 0 1
952,RBKRBNNQ,rbkrbnnq/pppppppp/8/8/8/8/PPPPPPPP/RBKRBNNQ w KQkq - 0 1
953,RKRBBNNQ,rkrbbnnq/pppppppp/8/8/8/8/PPPPPPPP/RKRBBNNQ w KQkq - 0 1
954,RKRNBBNQ,rkrnbbnq/pppppppp/8/8/8/8/PPPPPPPP/RKRNBBNQ w KQkq - 0 1
955,RKRNBNQB,rkrnbnqb/pppppppp/8/8/8/8/PPPPPPPP/RKRNBNQB w KQkq - 0 1
956,RBKRNNBQ,rbkrnnbq/pppppppp/8/8/8/8/PPPPPPPP/RBKRNNBQ w KQkq - 0 1
957,RKRBNNBQ,rkrbnnbq/pppppppp/8/8/8/8/PPPPPPPP/RKRBNNBQ w KQkq - 0 1
958,RKRNNBBQ,rkrnnbbq/pppppppp/8/8/8/8/PPPPPPPP/RKRNNBBQ w KQkq - 0 1
959,RKRNNQBB,rkrnnqbb/pppppppp/8/8/8/8/PPPPPPPP/RKRNNQBB w KQkq - 0 1
